Index,Income
243,0
26866,0
19170,0
13458,0
9601,1
17061,0
24898,0
23584,0
9199,1
17016,0
23674,1
2259,0
24829,0
8617,0
5118,1
15814,0
18675,0
6999,1
8809,0
32017,1
20957,0
4398,0
7418,0
25260,1
5851,0
27502,0
6164,0
18014,0
13088,0
21289,0
3117,0
17682,0
1423,1
19549,0
11713,0
28717,0
5051,0
29939,0
17889,0
30759,0
5898,0
1533,0
10762,0
28348,0
23752,0
662,1
30123,0
1723,0
234,0
15546,0
23317,0
6909,0
25940,0
5084,0
3451,0
454,1
12670,1
25021,0
32321,0
6616,0
20367,0
26279,0
14359,0
25541,0
16706,0
13954,0
8059,0
3881,0
10781,0
26818,1
11695,1
23970,0
12215,0
14187,0
28130,0
7469,1
21436,1
6670,1
30893,0
12803,0
1600,0
16425,0
30137,0
12472,0
12291,0
31539,1
26352,0
31166,0
25698,0
944,0
13253,0
23042,0
9133,0
22920,0
32013,0
12119,0
10794,0
5363,1
3147,0
19826,0
24856,0
19883,0
19513,0
30519,0
30215,0
24062,0
20269,0
16989,0
17603,0
15235,0
13877,0
12185,1
28330,1
7354,0
25625,0
17326,0
27134,0
20145,0
21681,1
25362,0
462,1
20273,0
17389,1
22052,0
5771,0
27733,1
14705,0
17295,0
14135,0
23969,0
13252,0
16309,0
19838,0
31096,1
9577,0
3472,0
28597,0
28262,0
15535,0
9443,0
23327,0
7925,0
20061,0
26363,0
4040,0
24941,0
18023,0
25164,0
30729,0
22732,0
31850,0
20079,0
26726,0
869,1
10150,0
3931,0
26313,0
3606,0
8688,1
29189,0
22634,0
26559,1
29813,0
2368,0
11894,1
16849,0
17480,0
11362,0
10703,0
2761,0
6906,0
16869,0
24285,0
31941,1
21228,0
13376,0
30571,0
14683,0
31302,0
4181,0
11917,0
13302,0
15921,1
26647,0
25746,0
29565,0
3857,0
18463,0
32403,0
28084,0
23190,0
29236,0
32549,0
21336,0
24754,0
2556,0
28425,0
14997,0
12341,0
16602,0
12290,0
21942,0
27588,0
13370,0
16672,0
7927,0
18715,0
28085,0
25646,0
5553,0
9532,0
23124,0
22296,0
23669,0
4430,0
16016,0
24405,0
8189,1
28690,0
23482,0
26192,0
1824,0
15612,0
7300,0
26601,0
12700,0
30359,0
29399,1
9306,0
11766,1
18207,0
8205,0
15475,0
30691,0
19079,0
18079,0
24045,0
25977,0
4033,0
17812,1
27098,0
31864,0
14033,0
22868,0
16782,0
23811,0
15396,0
2695,0
19090,0
21766,0
18812,1
11903,0
25265,0
16736,1
31093,0
16574,0
27579,0
2361,0
3587,0
16499,0
14106,1
2104,0
18704,0
27965,0
14785,0
10037,0
27410,0
11975,0
24380,1
794,1
11786,0
15104,0
22094,0
16825,0
7533,0
16479,1
14309,0
20097,0
14045,1
10728,1
27701,0
109,1
31949,0
10454,0
15858,0
3223,0
6954,0
19914,1
1657,1
27123,0
5483,0
17790,1
27494,0
7982,0
29309,0
7879,0
2915,1
276,0
24502,0
29215,0
18317,0
11593,0
13501,0
6629,0
26854,0
25180,0
27400,0
16739,0
15052,0
8934,0
29141,0
19035,1
780,1
26244,0
665,0
18182,0
1582,1
13466,1
17488,0
3075,0
31762,1
13833,0
27358,1
12167,0
29012,0
27406,0
13803,0
20630,0
23915,0
15444,0
32441,0
24717,1
10686,0
21323,0
29473,0
18568,0
1149,1
21344,0
29458,0
24796,0
17007,0
15437,1
10372,0
20735,0
16359,1
26739,0
16582,0
26691,0
1519,1
16294,0
26358,1
23862,0
25990,0
1845,1
13326,0
11508,1
307,0
12405,0
16556,0
28249,0
10042,0
18407,1
29867,1
28141,0
20409,0
25369,1
20063,0
3202,0
15119,0
4714,0
26850,0
22567,0
28908,0
25222,1
15992,0
9003,0
31158,0
12932,0
11741,1
1135,0
27457,1
13087,0
21240,0
26933,0
22447,0
17643,0
25948,0
4894,0
18570,0
11401,0
23192,0
26775,0
7280,0
5227,0
31984,0
4423,0
13737,0
5572,0
19182,1
10330,1
1496,0
22995,0
19384,0
11754,0
7763,0
22953,0
6373,0
25867,0
16344,0
2451,1
31035,0
31410,0
13510,0
16172,1
3124,1
13038,0
2661,0
27124,0
31829,0
5931,0
4546,0
31115,0
26292,0
5629,0
26651,1
16119,0
7066,0
6976,0
16611,1
18135,1
27926,0
28961,0
7731,0
5082,1
3287,0
5329,0
11520,0
27168,0
15729,0
21238,0
14092,0
19064,1
10849,0
16922,0
26711,1
14782,0
23736,0
19823,0
4641,0
32283,0
24219,0
21812,0
3010,0
19523,0
21036,0
5542,1
32289,0
6835,1
23453,0
31292,0
1368,0
9617,0
10035,0
26565,0
29139,0
23291,1
19127,0
17461,0
16956,0
25696,0
7155,0
9361,0
2271,0
31109,0
4449,0
4794,0
23449,0
1525,1
27578,0
30010,0
22649,0
13919,0
11877,0
13257,0
18353,0
2687,1
6483,0
25030,1
20347,1
13607,0
31377,0
15114,0
23917,1
30451,0
25156,0
24542,0
26547,0
5326,0
23888,0
17846,1
2875,1
2487,0
3054,0
20497,1
2986,0
16879,1
32272,1
8791,0
22847,1
3071,1
10296,0
13177,0
14656,0
21276,0
26124,0
9105,0
31973,0
1637,1
4013,0
17432,0
29007,0
7056,0
4839,0
13235,0
29871,0
23448,0
6239,0
8991,1
30990,0
25453,0
3724,0
23721,0
27427,1
15541,0
8519,1
16394,0
19603,1
3614,0
17294,0
4758,0
10933,1
29164,0
9462,1
5731,0
7248,0
13487,1
16103,0
25852,0
23910,0
11413,1
31147,1
2717,0
20321,0
28070,0
20871,1
3354,0
32439,1
29207,0
19563,0
6125,0
1797,1
24571,0
9721,0
30821,1
16871,0
552,0
22749,0
14574,0
27958,0
12629,0
242,0
9658,0
27752,0
11381,1
6862,0
16469,0
12832,0
25652,0
30116,0
19669,0
6060,0
10779,0
13618,0
4897,0
11353,0
2823,0
11705,0
15746,0
5071,0
6274,0
25378,1
24100,0
7818,1
19301,0
13659,0
7363,1
22352,0
9004,0
24232,0
27504,0
21601,0
27529,1
30439,0
23570,1
21409,0
21393,0
22030,0
22245,0
16668,0
17236,0
20513,0
17854,0
22079,0
17364,0
8897,0
12096,0
20905,0
30749,0
24741,0
809,1
30638,0
24032,0
10968,0
30673,0
19858,0
12534,0
10510,0
14096,0
1048,0
11171,1
17407,0
8733,0
16259,0
12858,0
6489,0
10151,0
9650,0
460,1
14723,0
2536,1
9290,0
541,1
3453,1
30831,0
9596,0
30646,0
576,1
23352,0
2720,0
7823,0
10871,0
16487,0
22363,0
16045,1
24994,0
30635,0
12474,0
30381,0
19707,0
17108,1
3948,0
3794,0
15298,0
19943,1
13768,1
19454,0
9046,0
26879,0
5663,0
24496,0
20025,0
22580,0
14923,0
3689,0
18113,0
31944,0
28471,0
29125,0
21516,0
2727,1
25697,0
20683,0
18935,0
5234,1
26846,0
21993,0
28378,0
12767,0
16235,0
26575,0
25314,0
9916,0
8574,0
20568,0
15991,0
2045,1
28672,1
19031,0
20498,0
16783,0
3531,0
27333,1
5978,0
19557,1
13307,0
13911,0
18564,1
2157,0
23788,0
12514,1
27759,0
13136,0
9672,0
30402,0
11664,0
20411,0
31307,0
13999,0
14964,0
19159,0
26666,0
5850,0
16426,0
6530,0
9684,0
619,1
3582,0
22980,0
12594,0
29267,0
8029,0
18581,0
6116,0
1717,0
26324,0
19296,0
22483,0
31795,0
19038,0
27321,0
22350,1
1323,0
23272,0
18071,0
25566,1
17604,0
6176,0
26602,0
4901,0
1180,0
5723,0
1931,1
30131,0
6154,0
14903,0
19915,1
30894,0
15180,0
12815,0
4307,0
4087,0
18086,1
17795,1
15906,0
1304,0
2032,0
10902,0
22190,0
12847,1
28119,1
11158,0
14690,0
8430,0
12374,0
31217,0
23337,1
29068,0
11354,0
17034,0
10680,1
31452,0
2043,1
15177,0
32093,0
8095,0
23879,0
6030,0
15010,0
23546,0
1167,0
23118,0
16601,0
30270,0
13682,0
1356,0
4530,1
17975,0
30221,0
4392,0
19057,0
13187,0
26076,1
6238,1
29811,0
29053,0
28023,0
24991,0
21625,0
14820,0
4429,0
7022,0
23246,0
30853,0
20017,0
31855,0
29595,0
14169,0
18529,0
22305,0
23951,0
30246,0
32361,0
19936,0
21935,0
30950,0
16809,0
16137,0
2476,0
4354,0
19673,0
31199,1
9988,0
30789,1
24762,0
21210,0
26493,1
8797,0
3646,0
20939,0
23750,1
10024,0
13084,0
31753,0
27244,0
8838,0
11416,0
11875,0
28624,0
28981,0
4785,0
2776,0
9430,0
19083,0
13758,1
11769,0
2381,1
31718,0
7957,0
26732,0
28388,0
18456,0
12491,0
685,1
10125,0
21806,0
14637,0
27747,0
29146,0
18959,1
22035,0
13985,0
27231,1
32089,0
20540,0
21717,0
26063,0
14121,0
24930,1
13067,0
28555,0
23863,0
2926,0
9227,0
14300,1
11186,0
9088,0
5036,0
16096,0
3025,1
785,1
24532,0
32288,0
239,0
21852,0
12210,0
7444,1
193,1
31454,0
32414,0
19949,0
30668,0
17278,0
15034,0
2423,0
24416,0
26274,0
30069,0
1906,1
4718,0
22432,0
23702,0
20475,0
9175,0
15439,0
27075,0
29624,0
12510,0
12845,0
16742,0
21429,0
21402,0
30642,0
32285,0
28580,0
9504,0
27855,0
29237,0
8536,0
9017,0
11263,0
14073,1
21353,0
21175,0
26136,1
22489,0
17066,0
2165,0
10616,1
26995,0
24903,0
15807,0
6630,0
27335,0
23773,1
25355,0
13757,1
11201,0
3817,0
26453,0
12950,0
16700,0
17492,0
24273,0
22069,0
20886,0
18192,0
6953,0
2352,0
13862,0
10142,1
9265,0
23631,0
12450,0
25540,0
23630,1
14576,0
21230,1
27565,0
15988,1
20914,0
22549,0
5805,0
14080,0
32042,1
16813,0
28488,0
16992,0
10056,0
11349,0
2673,0
27349,0
16232,0
3376,1
13594,0
2270,0
12822,0
12054,0
40,1
12778,1
15171,0
24653,0
7669,0
20991,0
31978,0
5951,0
21821,1
11633,1
21962,1
18985,0
21753,0
20306,0
22303,0
18036,0
588,0
2347,0
1147,0
19542,0
18476,0
15050,0
12691,0
27417,0
6009,1
14133,0
29316,1
26081,0
18500,1
13799,0
23156,0
269,0
8915,0
25607,1
27310,0
9880,1
11678,0
10452,1
18322,0
21557,0
8013,1
10061,0
15602,0
24465,0
27597,0
24485,0
22888,0
1773,0
30138,1
16748,0
12989,0
26112,0
4055,0
13091,0
26942,0
9128,0
8372,1
22453,0
16889,0
1550,1
16059,0
7358,0
30325,0
30147,0
11568,0
371,1
19325,0
30820,1
20544,0
11484,0
19021,0
6640,0
30019,0
16074,0
3245,0
21734,0
22505,0
10213,0
11329,1
15252,0
10433,0
10734,0
7136,0
4188,0
6690,0
16019,0
2806,0
7622,1
10068,0
20901,1
12193,0
24894,1
30689,0
22682,1
19777,0
31265,0
3069,1
27242,0
5533,0
8615,0
13690,0
11949,1
7904,0
11249,0
23859,0
32282,0
18848,1
20313,0
11333,0
8046,0
24596,0
32189,0
2842,0
29377,1
23543,0
16038,1
12721,0
22255,0
18477,0
17864,1
8650,0
25520,1
28757,0
1789,1
535,1
5339,1
9052,1
6342,0
14814,0
7265,0
8,0
15417,0
17447,0
24745,0
17165,0
20771,0
2651,1
29888,0
16020,0
31138,0
5598,0
24364,0
27897,0
22804,0
12731,0
15434,0
13274,0
11793,0
17083,0
6421,0
4576,0
18939,0
9028,0
27648,0
28907,0
496,1
19941,1
55,0
4644,0
5031,0
16860,0
25136,0
1197,0
16990,1
27401,0
15724,0
18925,1
14342,0
17490,0
3206,0
7943,0
4997,0
13213,1
6875,0
13219,0
5007,0
18429,0
21480,0
18640,0
12279,0
8277,0
25925,0
16253,0
13479,0
24811,0
5264,0
10377,0
16888,1
27268,1
17555,0
20210,0
7029,0
21314,0
17446,1
3134,1
13349,0
25562,0
18768,0
31340,1
28881,0
19347,1
23033,0
926,0
4648,0
9578,0
18024,0
5897,0
24417,0
6006,0
26653,1
10651,0
28844,1
10828,0
29278,0
14643,0
7403,1
32505,0
375,1
12437,0
20599,0
22181,0
12469,0
9159,1
18515,1
4471,0
5766,0
14711,0
29296,0
16805,0
3731,0
8739,0
18372,0
2874,1
11804,0
27407,0
8171,0
6705,0
19735,0
15003,0
6284,0
613,1
12573,0
31765,0
8237,0
14430,0
21989,0
23079,1
30185,0
3366,0
9349,0
838,0
18125,1
10811,0
25459,0
9607,0
14104,0
10495,0
20327,0
15449,0
10808,0
6028,1
10621,0
23720,0
9960,0
8040,0
11798,0
6943,0
19413,0
26674,0
9543,0
427,1
17781,0
20829,0
9865,1
7684,0
20386,0
10838,0
9886,0
10356,0
31130,0
27122,1
31190,0
8090,0
31882,0
11541,0
12901,1
25754,0
23691,1
4984,0
22699,1
20356,0
16808,0
12661,1
105,1
30071,0
31239,0
26635,0
3586,0
21914,0
18815,0
30717,0
17174,0
2419,0
14411,0
20277,0
3046,1
24617,0
6724,0
15369,1
28245,1
15664,0
12737,1
15656,0
22856,0
1264,0
16662,0
22824,0
24767,0
3221,0
7320,0
10406,0
25425,1
32176,0
22212,1
3909,0
11950,0
11141,0
3391,1
13232,0
19190,1
1413,0
11034,0
8904,1
381,1
25458,1
10523,0
11140,0
1502,0
14291,0
21137,0
5956,0
6445,0
29065,0
23532,0
15699,0
18847,0
27312,0
789,0
26799,0
19497,0
28365,0
27220,0
10136,0
31959,0
31444,0
22667,0
11535,0
13116,0
30538,1
17044,1
24964,0
10971,0
25005,0
2929,0
1144,0
27885,1
3974,0
2424,1
14604,0
20888,0
23541,0
26193,0
14214,0
14362,0
15362,0
1109,0
2890,1
14938,1
30021,0
12146,0
23549,1
12020,1
2629,1
5028,0
25374,0
6974,0
31898,1
16142,0
10260,0
24277,0
31145,0
4452,0
11640,0
25228,0
32166,0
4917,0
11314,1
8856,0
27010,1
28244,0
23062,0
9603,0
6806,0
27375,0
1176,0
17583,1
20709,1
12961,0
25812,0
667,0
32118,1
3284,0
22586,0
21588,0
17843,1
14597,0
20869,0
14248,0
24528,0
27446,0
18862,1
27438,0
7621,0
17118,0
28412,0
480,1
23678,0
22929,0
24161,0
16460,0
25123,0
9054,1
2781,1
3552,0
15966,0
3698,1
6364,0
17600,1
6556,0
32027,1
8142,0
14203,1
12748,0
17250,0
30600,0
18586,0
7788,0
19527,0
9921,0
22021,0
300,0
21223,0
30348,1
4065,0
4191,0
5246,0
3274,0
23090,0
7328,0
12862,0
13022,0
21208,1
26280,0
24664,0
12232,1
10997,1
11737,0
19566,0
24677,0
21227,0
10313,1
14586,0
13292,0
6073,0
27740,0
8176,0
5399,0
6551,1
25163,0
22648,0
18706,0
28745,1
30286,0
12729,0
26232,1
9029,1
15303,0
25509,0
891,0
14004,0
6997,0
26805,0
20301,0
27096,0
26180,0
3704,1
2095,1
2491,1
21142,0
14119,0
9076,1
5239,0
16378,0
22154,0
20360,1
10758,0
22444,0
17765,0
12687,0
8560,0
18257,0
31508,0
22006,0
3037,1
7427,0
374,1
28656,0
3928,0
1014,0
31155,0
3791,0
22311,0
14007,0
5570,0
23632,0
21216,0
7236,0
17752,0
28807,0
16608,0
1920,1
13031,0
13313,1
12319,0
13340,0
26862,0
13596,0
7920,0
3932,0
10164,0
14606,1
5685,0
19228,1
13451,1
28732,0
6527,0
26017,1
19010,0
21099,0
20298,1
3892,0
4213,0
3799,1
16060,0
31223,0
30232,0
8068,0
10598,1
17742,1
22022,1
10223,0
23407,0
21971,0
7241,0
706,1
12151,0
11425,0
14486,1
20304,0
1577,0
3407,1
26207,0
3344,1
10146,0
3714,1
9589,0
13241,0
5948,0
31227,0
5987,0
21703,0
31966,0
12453,0
4587,0
26756,0
31921,0
18588,1
29505,0
12753,1
20924,0
21346,0
25452,0
23341,0
1693,0
8156,0
6316,0
12214,0
14617,1
19431,1
29842,0
27643,0
8561,0
22264,0
12192,1
25270,0
14044,0
3278,0
28427,0
3055,1
3016,1
23994,0
6291,0
13005,0
20011,0
18175,0
16697,0
17081,0
306,0
10172,0
1543,1
9142,0
20340,0
29808,0
21192,0
10924,0
31876,1
22127,0
30347,1
5964,0
28013,0
1704,0
11905,0
31700,0
31411,1
24404,0
14361,0
10048,0
19393,1
900,0
11230,0
5817,0
14921,0
7798,0
7882,0
4370,0
15538,0
15697,0
30208,1
17791,0
27448,0
27049,0
9316,0
14836,1
24495,0
20299,0
13391,0
15481,0
3371,0
16421,1
25037,1
18871,0
15674,0
23055,0
8182,0
18438,0
7850,0
18275,0
218,0
24095,0
19447,0
26748,0
17779,1
8361,0
353,1
22917,1
30740,0
342,0
5530,0
11718,0
15885,0
32397,0
16620,0
6106,0
18954,0
13105,0
11693,0
24239,0
12085,0
25923,1
508,1
7273,1
15777,0
11247,0
16106,0
1781,0
15609,0
13842,1
18320,0
2904,1
30119,0
25720,0
27223,0
823,1
2470,1
31263,0
15976,1
24972,0
20399,0
9037,0
13351,0
32411,0
20960,0
14030,0
31316,0
13672,0
24594,0
11801,0
16277,0
26633,1
18920,1
3103,0
26286,0
10001,0
2338,0
3590,0
29271,0
11097,0
7876,0
4117,0
7050,1
1031,0
14108,0
31666,0
16000,1
22476,0
14350,0
718,0
7026,0
16523,0
6672,1
9635,0
18625,0
21086,0
28980,0
29659,0
5250,0
7035,1
28619,0
26893,0
20974,0
28552,0
20740,0
23920,1
22730,0
9888,0
3755,1
4873,0
8626,0
5337,0
21818,0
5462,1
1466,0
10236,0
14703,0
14285,0
19496,0
15132,1
25842,0
6653,0
19601,0
6393,0
23146,1
10263,0
27787,0
11341,0
112,1
22612,0
11497,0
32185,0
3156,1
5482,0
4992,0
8145,0
1518,0
21933,0
12008,1
28100,1
7636,0
30408,0
16568,0
5772,0
11132,1
3106,1
14980,0
32218,0
9604,0
1332,0
26089,0
7657,0
14696,0
25700,0
20484,0
15039,1
16778,0
27929,0
6130,0
1953,1
14010,1
26955,0
9473,0
18627,0
5497,0
22265,0
6883,0
15181,1
25239,0
25999,0
5220,0
3631,0
15526,0
14614,1
26072,0
7482,0
12780,1
3028,0
24630,0
24462,0
28565,0
27296,0
1576,1
2241,1
920,0
13455,0
19709,0
12784,0
31871,0
23759,0
28368,1
1076,0
17981,0
14321,0
751,1
30361,0
16508,0
10874,0
24276,0
23710,0
31125,0
23933,1
20983,0
25008,1
21451,0
12995,0
8185,0
21654,1
13375,0
1378,0
18439,0
2609,0
30650,0
25177,1
3342,1
29095,0
31019,0
15822,0
1900,1
24744,0
19221,0
2465,1
19430,0
9967,0
10587,0
12597,0
23296,0
30671,1
26884,0
8770,0
15506,0
15425,0
22414,0
16248,1
914,0
5037,1
39,0
18763,1
8138,0
11589,0
11753,0
28930,1
4923,0
10541,1
13099,0
26033,1
26490,0
26808,0
6797,0
2531,1
14500,0
28680,0
4833,1
9825,0
13651,0
7795,0
19827,0
22669,0
25881,0
2837,0
20465,0
29349,0
22908,0
19464,0
2835,0
18543,0
4173,0
24006,0
11631,0
2934,0
29503,0
12401,0
9687,0
26434,0
19934,0
7574,0
13583,1
4230,0
8062,1
28317,1
977,1
8810,0
20922,0
16467,1
31464,0
21921,0
9797,0
5777,0
24791,0
18108,0
28795,1
10534,0
24721,0
21872,0
19415,1
24184,0
18849,0
31782,0
4613,0
31834,0
5017,0
20094,1
6362,0
8286,0
7301,0
7593,0
28528,0
1501,0
4825,0
5796,0
31647,0
5377,0
5465,0
11783,0
15510,1
28435,1
28059,0
13837,0
15555,0
14360,0
9405,0
8159,0
22337,1
11032,1
30372,0
14317,0
9484,0
8169,0
24626,0
3430,1
27176,0
30104,0
14213,0
10152,0
3254,0
13813,0
24676,0
10294,0
17117,0
25118,0
26202,0
6729,0
8796,0
19677,1
10996,0
9468,0
9008,0
12021,0
5467,0
8803,0
15281,0
30256,1
19772,0
29249,0
10786,0
26108,0
7660,0
11692,0
8946,0
14140,0
18226,0
960,0
31277,1
527,0
22043,0
29951,0
19261,0
11387,0
1478,0
19312,1
7141,0
5569,0
17610,0
27253,0
3967,0
1812,1
26387,1
20640,0
16146,0
15770,1
16961,0
16894,0
4454,0
18995,0
13901,0
30018,1
13702,0
7991,1
20405,0
22025,0
27153,1
13433,0
15157,1
7242,0
12830,0
4708,0
25871,0
16557,0
28114,0
3295,0
22010,0
14889,1
24533,0
18343,0
31542,1
1160,0
26926,0
31497,1
14841,0
2283,0
8014,0
12993,0
27728,0
31938,0
25584,0
14299,0
18171,1
1568,1
27239,0
22895,0
23383,0
27557,1
17923,0
10293,1
6304,1
3229,0
23675,0
21850,0
16724,0
22715,1
19152,0
31001,0
31685,0
2287,0
18843,0
1950,0
5638,0
30605,0
31572,0
14803,0
15953,0
8990,0
3918,1
3598,0
6126,0
4026,0
31496,0
3434,0
12038,1
7342,0
25941,0
4009,0
31092,0
5191,1
16195,0
25462,0
16345,0
14593,0
17951,0
22496,0
12158,0
10583,1
27709,1
17444,0
28308,0
2135,0
21253,0
24208,0
14543,0
15221,0
10422,0
24142,0
3713,1
8379,1
27882,0
3981,0
2303,0
22524,0
15279,1
1774,0
4594,0
25003,0
20682,0
8331,0
20828,1
28542,0
30260,0
2059,1
11565,0
8607,0
16002,0
7715,0
23275,1
25466,0
1361,0
21706,0
2696,0
29761,0
27191,0
15553,0
28375,0
12071,0
7187,0
23696,0
61,0
30106,0
14872,0
20099,1
25849,0
13524,0
8420,0
27481,0
14884,1
32355,0
25463,0
10679,0
13052,0
7291,0
21420,0
23338,0
6743,0
4767,0
537,1
24947,0
29754,1
16069,0
14418,0
6263,0
15605,0
18973,1
29273,0
28724,0
31658,0
4162,0
28516,1
9759,0
22608,0
2408,1
18072,0
20034,0
16959,0
27599,0
4812,0
4964,0
11179,0
2542,1
14420,1
23178,0
30180,0
31735,0
5603,0
14215,0
30614,0
21635,0
1852,1
15287,1
19616,0
2878,0
31961,1
7167,1
22582,0
6171,0
15153,0
18220,0
17025,0
12194,0
23170,0
16220,1
21452,0
10776,1
28189,0
6610,0
18217,0
27821,0
20410,0
16068,0
21679,0
19420,0
18604,1
14233,0
5783,1
11238,0
30660,0
31705,0
27426,0
6929,0
12697,0
22268,1
32030,1
20197,0
7933,0
17400,0
26043,0
26079,0
24831,0
31975,0
20120,0
22861,0
30349,0
13801,0
26448,1
30921,0
8533,0
11013,0
10526,0
16694,0
27008,0
29753,1
7407,1
20803,0
14819,0
13461,1
28630,0
9363,0
24198,0
3556,1
14198,0
12072,1
31086,0
14328,0
16017,0
8523,0
2743,1
20150,1
2185,0
13724,0
29826,0
15853,0
8699,0
15142,0
9955,0
2089,1
20868,0
26266,1
308,0
25491,0
1804,1
18947,0
5602,0
542,1
2167,0
11666,1
8638,1
32153,0
29557,0
5474,0
28099,1
30491,0
22674,0
21809,0
6819,0
22346,0
10092,0
18090,0
23447,0
16555,1
31073,0
27366,0
12278,0
14922,0
1671,1
16534,0
4745,0
30492,1
17891,0
32221,0
15715,0
22981,0
3038,1
28116,0
22705,0
13314,0
26648,0
12312,1
1344,0
11222,0
1383,1
15458,0
17191,0
6079,0
2091,1
30112,0
25943,0
16676,1
23105,0
2366,0
2085,1
32260,1
32194,0
6072,0
22726,0
1102,0
24181,1
23039,0
14368,0
18306,0
29839,0
21084,0
4100,0
1872,1
13727,1
9150,0
5861,0
27563,1
12774,0
3476,0
26281,0
31320,1
3241,0
8690,0
20628,1
30825,0
8645,0
13492,0
10669,0
19896,0
17183,0
12998,1
17021,0
20892,0
24325,0
14239,0
5773,1
10773,0
32486,1
21875,0
1032,0
24892,1
20981,0
14226,0
15523,0
364,1
20182,0
22611,0
8285,0
27999,0
26457,0
30298,1
11340,0
17987,0
3807,0
24554,1
29526,0
26806,0
19898,1
8908,0
9332,0
26038,0
26497,0
302,0
23825,0
16874,0
24017,0
11806,0
23963,0
13730,0
26615,0
6830,0
26693,0
11345,0
11735,0
9065,0
28031,0
5186,1
24639,0
9297,0
1486,0
5446,0
13568,0
11654,0
12364,0
15625,0
23319,0
30277,0
12585,0
6652,0
12106,1
699,0
12533,0
9299,1
8394,0
18575,0
13929,0
1526,1
13033,1
22625,0
17212,0
25683,0
993,0
6360,1
9566,0
25263,1
12212,1
6654,0
25409,1
28862,0
4187,0
5953,0
14485,0
12783,0
4002,0
4023,0
9326,1
32256,0
18832,1
954,0
3674,1
10208,1
11255,0
22398,0
12439,1
31609,0
23297,0
22216,1
32490,0
13882,1
2688,1
13704,0
11036,0
10408,0
18924,0
3174,0
13926,0
17154,0
17000,1
12404,0
30841,0
27868,1
9266,0
23829,0
24750,0
24330,0
360,1
11135,0
19177,0
3660,0
30575,0
12203,0
21388,0
6711,0
4491,0
31433,0
2429,1
6922,0
4712,0
25091,0
11843,0
30770,0
3078,1
9567,0
26646,0
16274,0
4696,0
1253,0
7972,0
4896,0
22105,1
14871,0
6094,0
16370,1
10253,0
22354,0
29611,0
23116,0
13174,0
31426,0
25862,1
19155,0
18059,0
6071,0
16784,0
23298,0
17730,0
5867,0
32242,1
30744,0
22772,1
9327,0
17409,0
30527,0
3456,1
18183,0
6228,0
30545,0
24671,0
8793,0
8341,0
6168,0
27403,0
7111,0
26700,1
22226,0
7264,0
8061,0
22578,0
11395,1
31387,0
23760,0
31737,0
24296,0
4927,1
26322,1
31815,0
30242,0
11681,0
1777,0
24872,0
32068,0
12589,0
22428,0
2662,0
31258,0
14402,0
21359,0
20000,0
13904,0
13796,0
9943,0
3154,0
31492,0
20402,0
17674,1
20559,0
4488,0
5945,0
9348,0
24238,0
317,0
28172,0
32136,0
25141,0
15459,0
8352,0
11559,0
138,0
20567,0
7458,0
938,1
1320,1
30587,0
19080,0
12103,0
25429,0
20155,0
27631,0
25765,0
29084,0
25576,0
9347,0
5248,0
25782,1
16719,0
18535,0
28594,0
13399,0
18152,0
748,1
26545,0
25300,1
27660,0
15198,1
11672,0
19360,1
26513,0
17587,0
5859,1
12407,0
23292,0
11213,0
13488,0
28622,1
1088,0
3600,0
8350,0
10661,0
16826,0
9934,0
8106,0
20253,1
31792,0
6451,0
4522,0
12598,0
9247,0
7642,0
29504,0
7436,0
32447,1
26240,0
5323,1
23727,0
32560,0
23091,0
31919,0
27429,0
22904,0
6349,0
18468,0
15542,0
14114,0
20380,0
20052,1
25638,0
8422,1
19330,0
15940,0
16609,1
14996,0
4081,0
761,1
31567,0
6785,0
25666,0
24134,0
22466,0
21563,0
26389,0
27249,0
3198,0
1541,1
12666,0
432,1
30012,0
10671,0
13354,0
21702,0
31987,1
4246,0
12337,1
25965,0
18784,1
31085,0
3862,0
6376,0
23887,0
26365,0
4443,0
16985,0
5362,1
31294,0
15107,0
3856,0
26321,0
6525,1
14423,0
9667,0
25298,1
26590,0
16842,0
20102,0
28279,0
29467,0
24291,0
11825,0
16766,0
22875,0
10723,1
30565,0
16691,1
30114,1
32124,0
15262,0
9599,0
23770,0
10547,0
29748,0
17475,0
13465,0
11707,1
10430,1
6871,0
1608,1
24758,1
8199,0
28611,0
2249,0
19940,0
3336,0
21202,0
28734,0
3303,0
24149,0
5908,1
12643,0
12727,0
11328,0
23515,0
32144,0
15432,0
221,0
8413,0
30234,1
32494,0
15355,0
14800,1
12717,0
28880,0
1421,1
20823,0
29661,0
6131,1
30695,0
8407,0
20911,0
18673,0
11156,0
20031,1
16285,0
8772,0
16410,0
2068,1
3416,1
18876,0
10800,0
18358,0
14639,0
8154,0
32457,0
27834,1
7779,0
29707,0
7986,0
9282,0
13742,0
1504,0
19272,0
20717,0
31236,0
30654,0
15082,0
20918,0
31431,0
164,0
10943,0
13992,0
1106,0
26873,1
3148,0
14908,0
27610,0
13287,0
1610,1
5566,1
11978,0
3924,0
15589,1
11208,0
24226,0
13945,0
10393,0
25266,0
14958,1
6227,0
27704,0
28551,0
1934,1
27772,0
9121,0
21768,0
24216,0
22032,0
18143,0
28977,0
15860,0
22884,1
3044,1
18748,0
21116,1
4182,0
6486,0
7738,0
26785,1
17425,0
6668,0
29387,0
26853,0
13816,1
2418,0
6035,0
11545,1
13000,0
16886,0
8458,0
12022,0
3444,0
16101,0
5594,0
17125,0
22213,0
29181,0
24597,1
22246,0
28088,0
14244,1
28531,0
29418,1
23409,0
28387,0
20472,0
12443,0
9642,0
12849,0
2794,1
11091,0
18749,1
9980,0
21833,0
5408,0
29680,1
23817,0
5526,0
21636,0
24917,1
26887,0
8279,0
11734,0
19235,0
23209,0
28475,1
7914,0
17979,0
6296,0
11721,0
26455,0
26630,0
21094,0
8729,0
4032,0
21262,1
26639,0
23523,0
26287,0
6753,0
7133,0
6596,0
17134,0
2266,0
19518,1
10419,0
21763,0
20057,0
20009,0
15712,1
18773,0
14698,0
28772,0
16293,1
29013,0
10159,1
15337,1
6134,0
20507,0
19770,0
31645,1
30448,0
5149,0
9082,1
12714,0
26929,0
287,1
13341,0
12825,0
5733,0
25201,1
5208,1
21292,0
9494,0
13615,0
20293,0
17695,0
15884,0
7776,0
11542,1
13215,0
25839,0
5214,1
22914,0
16999,0
12320,0
26414,0
7735,0
15531,0
698,0
8751,0
17230,0
4832,0
31225,0
12204,0
15314,0
15851,0
13831,0
25571,0
3166,0
11418,0
17106,0
15383,0
15421,0
19503,0
17545,0
1536,0
26411,0
13843,0
15358,0
3072,1
30093,0
14165,0
26703,1
9415,0
20275,0
3234,0
20043,0
6923,0
24844,0
22763,0
18623,0
30339,0
25910,0
16403,0
26041,0
18304,0
28131,0
17740,0
6505,1
1585,1
27369,0
4310,0
17824,0
16596,0
18577,1
16125,0
29568,1
11104,0
1455,0
19903,0
8326,0
3132,0
6103,0
13535,0
32298,0
14237,0
9191,0
14177,0
8412,1
15722,1
28951,0
2616,0
14041,0
23627,0
14238,0
5902,0
13794,0
6528,0
23285,0
859,0
19231,0
15719,0
20193,0
17874,0
26872,0
397,1
9644,0
6739,0
13198,0
17388,0
8340,0
15046,0
144,0
19291,0
921,0
3189,0
21054,0
3629,0
29743,0
15929,0
490,1
22738,0
3490,0
6588,0
9515,0
13986,0
26723,0
15937,0
2555,1
31436,0
7228,1
31020,0
30945,0
24027,0
5336,0
27071,0
10381,0
5403,0
13569,0
27576,0
31262,0
32423,0
15055,1
12426,1
26876,0
15388,0
13016,0
24685,0
21345,1
7878,0
25144,0
24345,0
16850,0
19414,0
16476,0
5090,0
4157,0
13561,0
12996,0
9393,0
9861,0
19209,0
574,1
27323,0
31498,1
17213,1
21827,0
32339,0
14589,0
28842,0
1271,0
8743,0
10148,1
3927,0
20001,1
21027,0
32314,0
3694,1
15873,0
26445,0
17254,0
14476,0
12284,0
10998,0
18563,0
20344,0
26789,0
18766,0
2722,0
30553,0
18080,1
13046,0
32179,1
11715,0
28590,1
16991,0
21994,0
19395,0
9374,0
5340,0
8376,0
10986,0
32358,0
3226,0
22475,0
8344,0
26082,0
5597,0
11346,0
26186,1
5018,0
31551,1
26213,0
28740,1
17368,1
24862,0
6572,0
26337,1
21597,0
29447,1
27833,0
14252,0
2800,0
22713,0
6803,0
17315,0
8251,0
13050,0
16907,0
21414,0
20496,0
1022,0
1546,0
928,0
15083,0
31056,0
2615,1
3515,0
27746,0
14701,0
6986,0
31939,0
24323,0
21033,0
11035,0
16008,1
12129,0
11610,0
24290,0
29930,0
23134,0
27198,1
6812,0
5152,0
6878,0
11873,0
12705,0
27384,0
30420,1
19412,0
31218,0
26401,0
1855,0
17799,1
29695,0
7434,0
28380,0
12156,1
8525,0
2741,0
18941,0
22564,0
31651,0
13872,1
20569,0
15803,0
21742,0
28948,0
27771,0
10895,0
1837,1
12538,0
376,1
29090,0
9638,0
8070,1
16822,0
8172,1
28882,0
4771,0
11745,0
24284,0
28811,0
19811,0
16219,1
24835,0
5302,0
30107,0
14998,1
12328,0
22324,0
9770,0
21200,0
4011,0
4536,0
26436,0
2884,1
13243,0
11052,0
24513,0
30228,1
18894,0
13707,0
28247,1
5508,0
12027,0
13545,0
27736,0
29849,0
20542,0
23234,0
6308,0
13325,0
2306,0
27265,1
25559,0
10620,1
31940,0
23413,0
31928,0
2117,1
8937,0
20883,0
20876,0
521,0
5612,0
5524,0
10119,0
19744,0
5592,0
16935,1
29559,0
30254,0
15106,0
28728,0
7808,0
4959,0
7575,0
3679,1
18526,1
16166,0
5308,0
6931,0
30613,1
28236,0
15897,0
8457,0
17928,0
31150,0
15442,1
15907,1
12756,0
27019,0
16215,0
8554,0
30807,0
4638,0
2808,0
24392,0
18859,0
4687,1
2737,1
13663,0
3793,0
30288,1
22156,0
31376,1
29063,1
21885,0
23628,0
2972,0
7279,0
12108,0
321,0
13779,0
4344,0
27492,1
31180,0
22429,0
17342,0
5517,0
17780,0
14495,0
14824,1
19848,0
31255,0
6707,0
3123,0
1879,1
4071,0
28058,0
26746,0
4544,0
28123,0
13092,0
5158,0
20074,1
27371,1
31095,0
12428,1
15151,0
4301,0
3879,0
13746,0
28122,0
13990,0
18979,1
19485,0
14909,0
13129,0
25052,0
19234,0
25998,1
24331,1
11966,0
7664,0
29251,0
25010,0
22664,0
20101,0
24914,0
5262,0
788,0
2962,0
31592,0
28838,0
2705,1
28220,1
5332,0
18714,0
20652,0
27441,0
5489,1
20693,0
15711,1
8133,0
28043,0
25160,0
2650,1
6184,0
26751,0
18578,0
29444,0
23614,0
28339,0
11295,0
13344,1
23499,0
3285,0
11627,0
28053,0
1943,1
26699,1
681,1
6581,0
6904,1
14859,0
3810,0
26895,0
6825,0
26168,0
9615,0
29820,0
1004,0
31382,0
25398,0
2152,0
15806,0
4671,1
3602,0
24771,0
3225,0
24580,0
4358,0
7431,0
14260,0
6709,0
21339,0
2454,1
9655,0
6810,0
18349,0
29218,1
21424,0
5105,0
31717,0
6916,1
4403,0
20811,0
1278,0
25828,0
516,0
13996,1
15582,0
24517,0
7419,0
28477,0
16091,0
4494,0
1403,0
15889,0
30248,1
9554,0
20756,0
7352,0
25408,0
17527,1
32377,0
29229,1
10709,0
7613,0
30681,1
8298,0
14886,0
11121,0
13550,0
8670,0
27012,0
11892,0
30735,0
976,0
22122,1
8789,0
20986,1
7423,0
23284,1
17514,0
5872,0
25268,1
28792,0
7401,0
22360,0
31374,0
15100,0
18131,0
28609,0
28837,1
32446,0
14788,0
23147,0
13976,0
8996,0
17092,0
2360,0
14200,0
28226,0
30734,0
9818,0
12035,0
12824,1
16123,0
7944,0
32178,0
21743,0
10190,0
548,0
8215,0
10949,0
11533,1
21599,0
12198,0
12097,0
27290,0
16722,0
31063,0
9180,1
1549,1
18936,0
23257,0
28681,0
23984,0
20777,1
23800,0
28920,0
19868,0
4047,0
27367,0
3716,1
31494,0
24092,1
14671,0
7173,0
7143,1
27571,0
10695,0
27038,0
7603,0
13025,0
13519,0
5893,0
11044,1
19532,1
15065,1
13364,0
3129,1
26381,0
28965,0
13401,1
6915,0
26728,0
31397,0
27671,0
256,0
14290,0
29767,0
5780,0
6946,0
8431,0
10576,1
19102,0
2924,0
18445,1
6422,0
24625,0
32012,0
20879,0
32080,0
14058,0
3678,1
1655,0
17214,0
12342,0
8520,0
22386,0
22194,0
29391,0
4855,0
11495,0
20341,0
22439,0
24034,0
21770,0
23366,0
29412,0
24955,0
30382,0
9946,0
20414,0
29633,0
2021,1
15497,0
14680,1
23625,0
11634,0
10039,0
1420,0
11305,0
14798,1
6477,0
8471,0
28651,0
1563,1
26237,0
11964,0
9439,0
3074,1
27697,1
25949,0
19236,0
17611,0
1754,1
23964,0
27711,0
31643,0
6273,0
10857,0
21918,0
3700,1
6569,1
2507,0
25297,1
27007,0
31688,0
20317,0
16083,0
7233,0
14913,1
5131,0
2263,0
21542,0
23612,0
20843,0
25776,1
7697,0
5345,0
8965,0
15099,0
1292,0
11368,0
16391,1
4466,0
10796,0
23462,1
9747,1
25467,0
22858,1
20247,0
12309,1
27854,0
1829,0
2639,0
13321,1
9161,1
12118,0
16148,0
27432,1
22651,0
12634,1
25043,0
10290,0
21459,0
21072,0
25131,1
17373,0
6076,0
27356,0
13855,0
24111,0
12535,1
5395,0
4419,1
11100,0
3019,1
2008,1
32085,0
31458,0
17011,0
15545,0
19921,1
15652,0
25859,0
25207,0
23652,0
18647,0
4209,0
29123,0
3688,1
7277,0
22141,0
3091,1
4381,1
12243,1
11192,0
985,1
5432,0
32425,0
22671,1
15866,0
3962,0
799,0
29265,0
28678,0
24636,0
8889,0
31559,1
15832,1
15059,0
12294,1
13386,0
3756,1
16102,1
24977,0
21523,0
21006,0
27611,0
14436,0
18760,0
1208,0
26515,0
11807,0
17586,0
12972,0
25209,0
9859,0
29569,0
24733,0
22894,0
4726,0
6634,0
5185,1
10476,0
5855,1
21672,0
25502,0
22502,1
24223,1
15680,0
28098,1
29878,1
19378,0
19405,0
4331,1
26962,0
21002,0
30422,0
13560,0
29978,0
17677,0
13516,0
31820,0
21464,0
6413,0
4437,0
10268,0
8513,0
1100,0
3502,0
3778,0
25055,0
11172,0
18085,0
12391,0
9140,0
27111,0
16978,0
26802,0
26502,0
8549,1
9974,0
10764,0
1631,1
24163,0
29270,1
6614,1
10070,0
7263,0
32427,0
14928,0
28155,0
3474,0
29625,0
8691,1
3877,0
13260,1
7503,1
4640,0
5460,0
25101,0
27270,0
22902,1
24595,1
6124,0
7327,0
31516,0
24999,0
27967,1
28574,0
7395,1
11940,0
13935,0
12981,0
9814,0
28606,0
31863,0
13058,1
22794,0
10946,1
18442,0
24251,1
16085,0
8873,0
11594,0
18489,0
25331,0
16847,0
21465,0
2886,1
6313,1
11937,0
29848,0
11882,0
28521,0
2070,0
11054,1
26649,0
570,1
28750,0
13196,0
16765,0
27891,0
19874,0
1719,0
5582,0
27458,0
10122,0
25373,0
10124,0
24311,0
30324,0
1079,0
2082,1
26367,0
13797,0
14801,0
8353,0
11150,0
4635,1
10473,0
9874,0
26111,0
9542,0
14758,1
26302,0
22397,1
23596,1
7032,0
15569,0
13753,0
1171,0
41,0
1844,1
12249,0
31860,0
8805,0
18874,1
1564,1
16416,0
23595,0
7199,0
4709,0
3653,0
10228,0
24491,0
6601,0
1514,0
4572,0
22784,0
22335,0
2179,0
7816,1
31058,0
17880,1
15768,0
9213,0
9673,0
11923,0
8834,1
4790,0
18803,0
20573,0
1746,1
4694,1
27500,0
15441,0
7454,1
13920,0
13802,0
19171,1
32419,0
18928,0
29970,0
26263,0
12592,0
17192,0
3914,0
412,1
3351,0
26250,0
3919,0
26300,0
12007,0
22355,0
30136,1
16208,0
24407,0
25352,1
31504,0
13548,0
31091,0
28703,0
24246,0
11379,0
4082,0
32051,0
19303,0
4759,0
28780,0
2132,0
14208,1
20186,1
23107,0
17935,0
5856,0
29658,0
12412,0
5601,0
13530,0
14499,0
22933,0
5848,0
1432,1
8306,0
4615,0
15054,1
764,0
1885,1
26107,0
16352,0
2554,0
8522,0
26357,0
30296,1
15527,0
11572,0
21834,1
10098,0
30813,0
21524,0
2753,1
2127,0
3853,0
25595,0
17361,0
9387,0
13785,0
4119,0
13079,1
2558,1
26157,0
2272,0
15784,0
31393,0
11190,1
15797,1
8907,0
31510,0
17372,0
13705,0
12247,0
15948,0
22714,0
23215,0
31778,1
24728,0
7644,0
18512,0
28931,0
32032,0
29509,0
11954,0
18701,0
3121,0
10866,0
15217,0
16637,0
14426,0
22299,0
26214,0
10258,1
31178,0
30275,1
25780,0
8094,0
23002,0
26431,0
24732,0
9216,0
27621,0
10715,1
18258,1
19694,0
9198,0
7120,0
17271,0
2913,0
6590,0
26750,0
4128,0
22177,0
26304,0
20174,0
1779,0
17037,0
3675,0
30000,0
26308,1
5961,0
4506,0
12595,0
3458,0
32250,0
14578,0
32067,1
1045,0
14558,0
6085,0
5106,1
21350,0
8098,0
8545,0
30666,0
31395,0
13297,0
12446,0
20962,0
25271,1
31548,0
27572,0
18911,0
31005,0
32002,0
9710,0
11254,1
9446,0
12376,0
850,0
17102,0
10926,0
21505,0
19008,0
27484,0
27069,0
19626,0
15334,0
25295,0
32011,0
13311,1
19118,0
9694,0
23386,0
30550,0
8441,0
18802,0
29536,0
24456,0
5074,0
9095,0
9312,0
17048,0
783,0
7311,0
13540,0
18906,0
14905,0
312,0
15792,0
4563,0
10782,0
5156,1
2392,0
2401,1
3656,0
13627,0
17124,0
6639,0
31485,0
9072,1
8371,0
29434,0
17501,0
28599,0
13551,0
11942,0
28166,1
30804,1
24576,0
24813,0
28307,1
24160,0
9435,0
3923,1
32482,0
27584,0
4966,0
3314,0
7569,0
28759,0
26874,0
18033,0
12684,0
4320,1
18788,0
28140,0
5596,1
29378,1
1921,1
28824,0
19403,0
15766,0
11853,0
20547,0
25085,0
11816,0
8948,0
4237,0
2461,0
12971,1
22779,0
4516,0
18166,0
29723,0
16752,1
16353,0
31768,0
18783,0
20039,0
2210,0
4463,0
14074,0
3526,0
24167,0
10322,0
8393,0
28182,0
10390,1
23945,0
26632,0
15340,0
29744,0
24033,0
29211,0
28357,0
9741,0
16428,0
12077,0
20952,0
18111,0
9693,0
32502,0
13555,0
25615,0
5396,0
27428,0
22159,1
22540,0
1249,0
21957,0
4724,1
29796,0
28658,0
16586,0
29320,0
17904,0
6270,0
28785,0
12569,0
16983,1
1179,0
1010,0
5971,0
28256,1
12536,0
9926,0
7643,1
19567,0
22080,0
10328,0
10441,0
22677,0
1228,0
1243,0
13511,0
12229,0
8345,0
10022,0
9659,1
2420,0
9164,0
15296,0
31947,1
32257,0
22881,0
16599,0
8818,0
16650,1
167,0
7364,0
7961,0
20790,1
52,0
19383,0
8887,0
24884,0
30518,0
7451,0
19930,0
11618,0
14720,0
3511,1
4078,0
25612,0
6847,1
25014,1
12581,0
22552,1
4201,0
27590,0
23153,0
27913,1
5124,1
19999,0
14653,0
3811,0
2854,1
3394,0
12841,0
14036,0
30024,0
9033,1
19701,0
7387,0
25554,0
13868,0
25902,0
18914,0
26336,0
9320,0
2597,1
4848,1
21370,0
18106,0
7166,0
8776,0
3281,0
10929,0
21011,0
29016,0
11534,0
30297,0
25478,0
24437,0
6095,0
20518,0
14581,0
32063,0
26922,0
25294,0
15134,0
3630,1
8092,0
6192,1
10512,0
19143,0
8165,1
5728,1
29468,1
9824,0
24207,0
17652,0
19397,1
17866,0
32201,0
8366,0
23439,0
14550,0
10638,0
21629,1
18682,1
27797,1
30823,0
28925,0
23790,0
26890,0
23908,0
22597,0
12527,0
1404,0
11154,0
20943,0
8668,0
9201,0
21205,0
5077,0
17482,0
15891,1
27104,0
539,1
23593,0
20667,0
31786,1
30070,0
5666,1
24387,0
23052,0
13281,0
20937,0
21219,0
10334,0
21999,0
31727,0
4908,1
13836,0
20712,0
27070,0
26032,1
22919,0
9947,0
21630,0
22218,0
11455,0
30384,1
1710,0
6718,0
26245,0
31805,0
8375,0
27451,0
30715,0
16747,0
32122,1
11447,0
1086,0
25653,0
19297,0
5590,0
12164,0
8429,1
9553,0
10009,0
12170,1
11360,0
4083,0
15608,0
10202,0
10219,0
9984,0
10110,0
29332,1
7441,0
24464,0
25329,0
4760,0
17225,1
1112,0
17576,1
31486,0
13610,0
1254,0
15218,0
19193,0
22198,0
7578,0
27245,0
1434,1
19097,0
8942,0
14022,0
22353,0
28038,0
289,1
8173,1
28229,0
9761,0
11730,1
17747,0
28283,0
23611,0
11997,0
15620,0
32001,1
6250,0
28274,0
28047,1
170,0
3414,0
24909,0
30380,0
14603,1
8219,0
29599,0
29356,0
11115,1
26466,0
20959,0
6547,1
16899,0
4632,0
15253,1
13145,0
21217,0
21941,0
19731,0
5282,0
32267,0
4543,0
4779,1
9784,0
20157,1
10341,1
7061,0
21102,0
6417,0
13342,0
5716,0
21780,0
8922,0
6842,1
10501,0
13694,0
25358,0
13617,0
15627,1
8384,0
26268,0
7787,0
26920,0
345,0
22024,0
13755,1
2035,1
24973,0
26026,0
24448,0
32555,1
13760,0
18088,0
28192,1
10034,0
12209,1
20213,1
16818,0
9717,0
2247,0
23150,1
2980,0
22317,1
8112,0
24839,0
15727,0
24260,0
319,0
6223,0
5171,0
18300,1
9178,1
29597,0
30306,0
2353,0
31743,1
11411,0
9261,0
923,0
6911,0
4261,0
27636,0
21201,1
868,1
23617,0
9843,0
22465,0
10286,0
20621,0
5661,1
13733,0
8852,0
2746,0
12872,0
28288,1
30054,0
9048,0
8238,0
1843,1
27341,0
11187,0
30505,0
1477,0
5387,0
7014,0
19484,0
2521,0
8660,1
1192,0
14827,0
10788,0
7829,0
2750,1
5070,0
32180,0
9166,0
19865,0
2443,1
15330,0
30534,1
9709,0
4970,0
8787,0
25186,1
23047,0
6319,0
16094,1
20114,1
12019,1
7349,0
28919,1
23654,0
2655,1
16323,0
28689,0
10169,0
29168,0
21311,0
26021,0
7108,0
22594,0
18315,0
32278,0
187,0
23023,0
19861,0
15236,1
1756,1
15800,0
2564,0
17930,0
20950,1
26050,0
3828,0
12880,0
5910,0
14153,0
5739,0
6068,0
2921,0
31380,0
19529,0
8368,0
10571,1
3709,0
273,1
14301,1
13858,0
10573,0
19053,0
483,0
523,0
31060,0
7027,1
26842,0
13428,0
25250,0
31141,0
15762,0
25895,0
11775,0
5507,0
32190,0
31819,0
1120,0
30200,0
5721,0
1172,0
25613,0
6052,0
24755,1
32495,0
13849,0
14204,0
3175,0
13262,0
10251,0
24759,0
11761,0
4862,0
11673,0
24691,0
8515,0
1775,0
16716,0
31142,1
6002,0
24539,0
13625,0
24361,0
28762,1
7474,1
32497,0
23786,0
23912,0
29908,0
4886,0
10528,0
22002,0
9796,0
9040,0
10832,0
25628,0
3380,0
4789,0
26570,0
14115,0
23881,1
29029,1
7587,1
6582,0
11204,0
27624,0
29328,0
1460,0
6951,1
25473,1
1164,0
31261,1
4298,0
10448,0
16926,1
766,1
31193,0
14113,0
32453,0
24367,0
14933,0
6682,1
28801,0
25577,0
1143,0
16830,0
20434,0
26654,0
18368,1
17397,0
17561,0
31708,1
25188,0
26270,0
26557,0
24439,0
24666,0
7484,0
18942,0
15070,1
13613,0
13605,0
2275,0
18057,0
31076,0
14024,0
22210,1
6199,1
18161,0
6973,0
1392,1
19798,1
28071,0
3824,0
14422,0
28044,0
15029,0
4675,0
4407,0
12765,0
2798,1
4309,1
25023,1
31406,0
15756,1
13426,0
9144,0
3211,0
641,1
7655,0
12246,0
28571,0
29479,1
24245,0
25695,1
14379,1
19157,0
6193,0
29347,0
440,1
30859,0
7004,0
16951,0
3553,0
9234,0
4433,0
31663,1
16781,0
29021,0
31189,0
7918,1
27810,0
29885,0
13473,0
10806,0
20502,0
247,0
8207,0
21881,1
11246,1
20680,0
12706,0
5192,1
16451,0
21143,0
29003,0
410,1
24713,0
690,0
26183,0
22967,0
8067,0
27006,0
1938,0
29697,0
14504,0
23571,0
30007,0
2282,0
13240,0
12711,0
648,0
3804,0
25568,0
6292,0
25974,0
7215,0
15962,0
25764,0
6752,0
22340,1
29142,1
10188,0
18595,0
15438,0
25579,0
17460,0
3625,1
15965,0
6998,0
13270,0
4542,1
5709,1
28851,0
26757,0
23346,0
29129,0
24324,0
13706,0
12270,0
16570,0
19765,0
31852,0
19345,0
20370,0
7393,0
23166,0
30140,1
20448,1
15558,0
257,0
3460,0
5589,0
6016,1
17147,1
10437,0
8808,0
28228,0
16447,1
5504,0
88,1
26460,0
11756,0
1166,0
29401,0
24236,0
2348,0
8876,0
2534,0
795,0
13222,0
24029,0
8153,0
10888,0
8265,0
2504,1
1705,0
510,1
23046,0
23083,0
11298,0
23799,0
4321,0
20449,0
11629,1
26959,0
18538,0
285,0
30274,0
23849,1
16176,0
30989,0
28974,0
5930,0
3744,0
6832,1
27171,0
31455,0
24893,0
8472,0
5347,0
32233,0
2861,1
15487,0
28983,0
4765,0
20904,0
20482,0
23271,0
9855,0
14075,0
10684,0
19004,0
11660,0
18991,0
12138,0
24217,0
2778,0
3710,1
31848,1
25033,0
21163,0
7480,0
11514,0
1911,1
9448,0
25882,0
13930,0
25995,0
29117,1
5556,1
10412,1
9523,0
5013,0
30074,0
24133,0
30421,0
11084,1
22966,0
4374,0
23981,1
23148,0
18637,1
2900,0
9876,1
13790,0
9465,0
7102,0
29607,0
27522,0
5843,1
8459,1
30544,0
10705,0
11554,1
7139,0
6202,0
30556,0
29157,0
21774,0
8261,0
28634,0
3034,1
12963,0
20585,0
20187,0
12487,0
21905,0
31865,0
14347,0
27102,1
4256,0
22526,0
2495,1
10829,0
15923,0
8958,0
25261,0
10886,0
5974,0
22973,0
16770,0
27950,0
20037,1
4272,0
10187,0
3176,0
30969,0
31525,0
781,0
23358,0
17671,0
24782,0
17426,0
26820,0
5588,0
5184,1
19584,0
21279,0
20586,0
5120,0
30924,0
28941,0
28487,0
7883,0
13571,0
11212,0
27713,0
4781,0
17950,0
31346,0
32273,0
21984,0
24527,0
18329,0
27127,0
22642,0
1685,1
28711,0
2031,1
29687,0
104,1
21041,0
209,0
5405,0
31045,0
7903,0
24482,1
23948,0
19908,0
351,1
32409,0
5072,0
15351,0
4582,1
22818,0
30569,0
216,0
2998,0
12172,0
19945,0
12692,0
2671,0
26696,0
31854,0
23594,0
23028,1
19759,0
8439,0
803,0
17557,0
8593,0
17693,0
14509,0
1861,1
30779,0
19803,1
1108,0
29956,0
2596,0
22480,0
12056,0
18796,0
6764,0
19969,0
28422,1
21932,0
19899,0
23522,0
23321,0
23000,0
5129,0
30513,0
26520,0
14559,0
19491,0
5061,1
29861,0
14572,0
26902,0
22731,0
14170,0
11884,0
3982,0
8950,0
17030,1
10931,0
14975,1
1924,1
6723,0
29228,1
25847,0
5153,1
8755,1
4721,0
20930,0
29506,0
24854,0
22368,1
32104,1
23092,0
20218,0
22011,0
24931,1
3111,0
21194,0
24127,0
10054,1
10603,0
20591,0
27181,0
29170,0
22817,0
21158,0
4127,0
7649,1
16135,0
23491,0
18982,0
2931,0
28372,0
19954,0
24688,0
22433,0
31205,1
17834,0
17249,0
13206,0
25280,0
12715,0
32415,0
15883,0
21649,1
20982,0
14714,0
7030,0
9897,0
17567,0
20881,0
31787,0
9050,0
27682,0
7140,1
17434,0
20283,0
14063,0
23210,0
23953,1
26871,0
5305,0
32381,0
15890,0
17554,0
3259,1
28867,0
29988,0
28654,0
7416,0
19229,0
22,0
28195,1
19799,0
22801,0
24774,1
5768,0
14944,0
17627,1
27292,1
2586,0
9483,0
20835,1
19417,1
9942,1
11941,0
1589,1
2131,0
16885,0
29483,0
29044,0
31488,0
23343,0
16136,1
19202,0
2412,1
12025,1
24386,0
27043,1
1916,1
14752,0
23865,0
21001,0
7515,0
10106,0
20831,1
11420,0
28457,0
15312,0
1384,1
22879,0
15684,1
16902,0
6312,0
2894,1
10887,0
28870,0
8423,0
2701,0
21250,0
16757,0
27024,1
18278,0
4877,1
2332,0
11009,0
1817,1
27779,0
1370,0
5829,0
30907,0
8661,0
27743,0
23508,0
5782,0
23712,0
30336,0
5006,1
30710,0
14249,0
25504,0
19402,0
21020,0
8989,0
426,0
31842,0
25025,0
21822,0
31509,1
21551,0
26991,0
4387,0
8544,0
24460,0
22278,0
19877,0
24225,0
1701,0
29979,0
26332,0
10439,0
23972,0
17536,0
21752,0
20648,0
13193,0
28105,1
17598,0
27692,0
12066,0
31535,0
29010,0
10687,0
518,0
819,0
13684,0
8587,0
31518,0
21533,0
26935,0
8553,0
8424,1
25310,0
13676,0
31601,0
14562,0
15101,0
30075,0
21104,0
2372,0
21913,0
15297,0
29097,0
12992,0
30718,0
2946,0
27710,0
14897,0
3795,1
7200,0
16773,0
31118,0
2464,1
17699,0
5920,1
7449,1
15108,1
1923,1
10630,0
7691,0
14218,0
8123,0
23574,0
13817,0
18787,0
6139,0
31952,0
15335,0
15941,0
30311,0
15479,0
30757,0
3603,0
32217,1
4178,0
18467,0
22792,0
7916,1
27298,0
3398,0
19869,1
26423,0
29431,0
24301,0
24375,0
25079,0
28523,0
12949,1
25211,0
27074,0
3363,0
3987,0
30780,0
15500,0
21655,0
8980,1
20812,0
15079,0
24410,0
27398,0
27374,0
16622,0
3832,0
20492,0
3749,1
30201,0
32059,0
1857,1
24888,0
8473,0
5303,0
15020,0
1788,1
23021,0
135,1
9120,0
11471,0
5410,0
4397,0
6889,1
25410,0
5622,1
4253,0
20268,0
15161,0
17857,1
10952,0
19028,1
25223,0
30889,0
22419,0
23421,0
30493,0
3324,1
12617,0
8100,0
30328,0
557,0
415,1
6860,0
29497,0
27152,1
24473,0
10409,0
6465,0
29222,0
25924,0
16872,0
2601,0
12220,1
27881,0
12087,0
470,1
25687,0
27802,0
188,1
13595,0
8155,1
25848,0
4245,0
11738,0
28918,0
25884,1
3825,0
22200,1
23827,0
5025,0
23936,0
19133,0
23776,0
32307,0
725,1
22411,0
19351,1
18917,0
9376,0
25115,0
2265,0
22388,1
14689,0
8082,1
19578,0
9429,1
10282,0
31475,0
493,1
8846,0
13119,0
17167,0
4670,0
30503,0
22248,1
8677,1
11711,0
25719,1
27724,0
11024,0
8212,0
1277,0
21595,0
24293,1
25703,0
20329,0
7767,0
2821,0
20530,0
10937,0
2101,1
8006,0
22390,1
29929,0
10307,0
8079,0
31219,0
32163,0
17575,1
8740,0
29048,0
11460,0
2063,1
24098,0
2683,1
2571,1
9155,0
17465,1
4383,0
15167,0
11621,0
31867,0
21828,1
15016,0
5933,0
4479,1
1132,0
15961,0
6392,0
27415,0
19336,0
1487,0
5693,0
31725,1
9645,1
22570,0
31026,0
25129,0
26680,1
13871,1
884,1
13293,0
26178,0
15592,0
18527,0
17936,1
2143,0
26608,0
23345,0
32102,1
26435,0
12287,1
18305,0
10410,0
17650,0
18241,0
7211,0
11452,0
9815,0
13322,0
152,0
1418,0
21058,0
7487,0
10,0
5035,0
10506,0
32320,0
19939,1
19537,0
11515,0
19290,0
32137,1
8452,0
5046,0
7261,0
5551,0
19098,1
25392,0
21030,0
18962,0
12975,1
4360,0
29295,1
20792,0
4584,0
15476,1
24870,0
4509,0
10284,1
26001,0
20675,0
20635,0
20352,0
27603,0
9675,0
6148,1
14534,1
25819,0
28173,0
5416,0
4341,0
26560,0
19834,0
1015,0
12676,0
23423,0
10012,1
16610,0
15162,0
23374,0
15346,0
10155,0
27907,0
24056,0
22175,0
29900,0
11486,0
10504,0
8913,1
29464,0
2308,0
10470,0
9583,0
15273,0
19318,1
16685,0
23283,0
10809,0
25340,0
5411,0
17694,0
22454,0
13250,0
14776,0
30412,0
13544,0
9924,0
3643,0
5820,0
117,1
8865,0
23164,0
21417,0
4496,0
22423,0
12128,0
17217,0
20620,0
18753,0
876,0
29262,0
13829,1
25343,0
5583,0
26289,0
24165,0
21181,1
32246,0
7992,0
29350,0
2585,1
26616,0
7452,0
30284,0
12794,0
26824,0
15519,0
17455,1
17959,1
13909,0
9781,1
3570,0
13041,0
28778,1
7278,0
6912,1
19088,0
14262,0
11814,0
7868,0
31560,1
20391,1
17616,0
20121,0
11051,0
5222,0
13171,0
9932,0
4487,0
23683,0
12788,1
26823,0
9154,0
9881,0
19754,0
5830,0
16864,0
19245,0
18007,0
2153,0
11010,0
11113,0
7039,0
5544,0
15494,0
7223,0
17313,0
30567,0
14202,0
2364,0
14708,0
26629,0
30769,0
8518,0
28455,0
21730,1
19371,1
29052,1
14129,0
3525,0
12620,0
20808,0
8470,0
26687,1
19183,1
20545,0
16525,0
18735,0
4316,0
15141,0
30675,0
9725,1
19864,1
6573,0
32074,1
513,1
29308,0
7100,0
3666,1
28891,0
23653,0
6714,0
26393,0
9681,0
6884,0
27099,0
23893,0
22427,0
15763,0
24627,1
9727,0
688,0
1021,0
4548,0
20785,0
13039,0
24372,0
32046,1
28828,0
18798,0
8851,0
23254,0
27735,0
1062,0
10029,0
31527,0
4597,0
18031,1
4286,1
4378,0
27783,0
19040,0
19055,0
3411,0
356,1
27030,0
10485,0
17997,0
9356,0
5346,0
8292,0
19776,0
20355,0
30322,0
21511,0
2331,0
5078,0
8891,0
11519,0
15679,0
10901,0
21882,0
7838,0
22628,0
19077,0
25203,0
5108,0
26241,1
9891,0
17041,0
25195,0
12124,1
17335,1
10137,0
27344,0
5485,1
10173,1
32143,1
4818,0
17378,0
22086,0
28978,1
14646,0
9590,0
2908,0
16664,0
16819,1
17257,0
25125,0
1059,1
14768,0
32514,0
4204,0
29056,0
11808,0
22413,1
12216,0
20485,0
14001,0
30927,1
16710,1
28198,0
28984,0
154,0
30615,0
16443,0
9842,1
10712,0
3554,0
29078,1
3383,1
27262,0
15006,0
10989,1
17659,0
21857,0
18035,0
14901,0
22341,0
29644,0
23403,0
17299,0
346,0
166,0
19416,0
16542,1
16127,0
26953,0
14088,0
16289,0
27316,0
11112,0
6786,0
17989,1
10553,0
19755,0
6992,1
24398,0
29899,1
867,0
4773,0
20300,0
16401,0
3692,0
31907,0
28184,0
11820,0
8868,0
32503,0
15924,0
28391,0
3291,0
9313,0
23834,0
19490,1
1674,1
28382,0
19283,0
27990,0
2649,0
19901,0
30367,0
17530,0
25215,0
2659,0
27804,0
25506,0
25347,0
8799,0
6297,0
17573,1
20303,1
12548,0
12659,0
27430,1
23563,1
26943,0
15300,0
30125,0
6460,0
28546,0
24915,1
1064,1
17395,0
15343,0
28076,0
25332,0
1087,0
15928,1
2413,0
741,1
30633,1
12252,0
3925,0
13122,1
31386,0
1544,1
31646,0
32204,0
27949,0
2954,0
14648,1
3498,0
5913,0
20642,0
29688,0
11759,0
9123,0
16420,0
13913,0
17206,0
17057,0
15051,0
30501,0
27453,0
9163,0
13599,0
16969,0
2007,1
17529,0
26878,0
13721,0
5950,0
30047,0
16145,0
21411,0
14127,0
1503,0
24360,1
1664,1
22706,0
21502,0
5012,0
18003,0
6425,0
6207,0
5637,0
31693,0
3840,0
16489,0
13097,1
22330,0
26759,1
200,0
9839,0
21975,0
12966,0
8842,0
24308,0
5993,0
503,0
24678,1
22743,0
2301,0
1080,0
26596,0
9369,0
1515,0
31603,0
20255,0
14547,0
30973,0
14367,0
22260,0
21623,0
15292,0
32538,0
29938,0
1266,0
24073,0
31371,0
13432,0
29214,0
6681,1
4438,1
2715,0
11517,0
10858,0
30289,1
15632,0
3961,0
16859,0
30480,0
22974,0
19239,0
18679,0
4102,0
19937,0
29348,0
8108,0
2763,1
24253,0
5469,0
13669,0
20920,0
1377,0
6210,0
14815,0
22604,0
676,1
18417,0
21787,1
26819,0
14661,1
20524,0
27491,0
27963,0
27214,0
28444,0
5200,1
17905,1
30089,1
14205,1
31981,0
6613,0
27133,0
18790,0
16185,0
8083,0
8923,0
4332,0
32464,0
24852,0
30495,0
3307,1
9871,0
12891,0
10531,0
28861,0
27266,0
35,0
11818,0
23744,0
17418,0
19685,1
23295,0
3566,0
12137,1
23026,0
12378,1
10096,0
3887,0
30478,0
14649,1
4642,0
8969,0
2803,1
8003,0
32287,0
1987,0
22637,0
1011,0
1036,1
24910,0
8481,0
29883,0
26323,0
14209,1
26738,0
17898,0
28362,0
29462,0
6680,1
9486,0
25234,1
22942,0
12646,0
11869,0
18205,0
4690,1
11306,0
24564,0
26964,0
3155,0
3385,0
20375,0
17920,0
30699,1
23182,0
24601,0
1337,0
17572,0
9773,0
26347,0
6150,0
10831,0
12093,0
25704,0
10272,1
30447,0
21665,0
19072,0
28812,0
5565,0
4330,0
23294,0
6971,1
27849,0
27177,0
20517,0
11138,0
16713,0
15254,0
15195,0
12688,0
24633,0
31845,0
13069,0
30966,0
1521,0
16133,0
11221,0
8854,0
16861,0
3708,1
5911,0
10774,0
15507,0
1665,1
24621,0
26419,0
21204,0
4704,1
19205,1
11337,0
17128,0
29626,0
18376,0
28325,0
8025,0
27716,0
1718,0
21733,0
24500,0
31367,1
9397,0
24454,0
7000,0
22548,1
12564,0
11338,0
18142,0
10128,1
13662,1
12400,1
1612,1
16921,0
8167,1
4280,1
19916,0
159,0
32058,0
23707,0
15794,0
30148,0
30756,0
10579,0
2396,0
7851,0
9985,1
29248,0
8377,0
12698,0
7341,1
27784,0
27020,0
28349,0
3622,0
6105,0
19841,1
24329,0
10002,0
25682,0
13800,0
24946,1
5163,0
3905,0
8735,0
27420,0
17974,1
22182,0
2433,1
4782,0
5873,0
8183,0
11796,0
16536,0
30834,0
29647,0
9025,0
4434,0
18926,0
232,0
32151,0
30458,1
16237,0
11968,0
2764,1
24362,0
2745,1
31777,0
19073,0
31226,0
29640,0
9466,0
28591,0
24350,0
26755,1
18138,0
21191,0
3040,0
7438,0
8383,0
13580,0
30621,0
13547,0
20151,0
27465,0
3076,1
10015,1
2862,1
6691,0
26172,0
16465,1
2496,0
18921,0
30490,0
14255,0
21624,0
1865,1
2442,1
20623,0
6197,0
18374,0
8451,0
13120,0
24567,0
22789,0
27199,0
18352,0
26623,1
1752,0
14676,0
21361,0
20259,0
2646,1
22155,0
5700,0
22223,0
28707,0
31053,0
18642,0
21798,0
10545,0
7554,1
14823,0
14761,1
23431,0
11252,0
8567,0
14009,0
13272,0
15560,0
24719,0
5393,0
16976,0
3290,0
19166,1
22765,0
27780,0
27005,0
13539,1
24202,0
24778,0
30434,0
29722,0
27325,0
19467,0
11573,1
32469,0
2349,0
15431,0
25053,0
20514,0
31644,0
27336,1
277,0
17064,0
659,0
18984,1
22081,0
31233,1
18461,1
17309,0
10581,0
31332,1
7741,1
25737,0
12873,0
31625,0
15256,0
9013,0
14747,0
5793,0
24873,0
1567,1
26380,0
32357,1
21596,0
14974,0
11330,1
19123,0
1827,1
32512,1
4263,0
499,0
28735,0
22179,0
13285,0
754,1
20647,1
15789,0
27303,0
22393,1
13190,0
1334,0
17789,1
5047,0
32277,0
7128,0
7737,1
9548,0
29217,0
24838,0
11614,0
31266,1
2710,0
30612,0
32004,0
17528,0
13577,1
1422,1
9945,0
31858,0
20720,0
8408,0
26150,0
19820,0
5752,0
23950,0
7377,0
9976,0
18011,0
22996,0
8575,0
3035,1
7260,1
18688,0
13907,0
4074,0
7670,1
9433,0
6664,0
21569,1
4400,1
22871,0
727,1
7859,0
26402,0
21956,0
1371,0
29264,0
27788,0
16988,1
16786,0
18745,0
29107,0
7790,0
7183,0
26832,0
30224,0
11899,0
23497,0
19931,0
6975,0
18810,0
24066,0
28507,0
20147,1
14180,0
14125,0
22638,0
5869,1
18517,1
22950,0
16326,0
28452,0
27562,0
8258,0
1473,0
27368,1
2593,1
23890,0
13180,0
23177,0
19605,0
26258,0
25448,0
25567,0
26101,0
15188,0
16273,0
29945,0
12414,0
28513,0
8696,0
12736,0
5922,0
21652,0
20368,1
19824,0
463,0
8784,1
26671,0
9229,1
2912,1
11272,0
21991,0
6873,0
31023,0
6721,0
1984,1
9627,0
12742,0
141,0
484,1
19904,0
1713,0
17620,0
10520,0
24976,0
23844,0
24922,1
15831,0
6762,0
26631,1
17324,0
29701,1
19109,0
29738,0
31243,0
17638,1
17010,0
20181,0
22754,0
23441,1
13533,0
18462,0
26350,0
16310,0
21675,0
8103,1
2207,0
21610,0
27602,0
23505,0
28016,0
8955,0
190,0
9766,0
31697,0
30214,0
2216,0
18571,0
21887,1
10721,0
30315,0
8726,0
20172,0
26963,0
17736,0
12743,0
29952,1
16452,0
22150,1
7174,1
18053,0
14090,0
8669,1
32079,1
3715,0
28237,0
17085,0
13834,1
14117,0
20958,1
21430,0
21545,1
6442,0
5,0
14110,0
1742,1
14136,0
23492,0
8381,1
18473,0
26971,1
20234,1
9474,0
3597,0
19093,0
500,1
29455,0
29210,0
30042,0
31807,1
27130,0
18727,0
25552,0
4634,0
31328,0
8135,0
20336,1
3845,0
16284,0
10923,1
11145,1
24018,0
15954,1
13334,1
6092,1
23098,0
20098,0
18155,0
24543,0
11999,0
19326,0
13500,0
27018,0
29524,0
27156,0
31111,0
9739,0
892,1
32116,1
26768,1
18977,0
17884,0
20307,0
29465,0
25813,0
12055,0
3601,0
10921,0
1488,0
22095,0
4503,0
30659,0
11195,0
8281,0
20804,0
21650,0
11270,0
15659,0
11468,0
11284,0
843,1
8877,0
25729,0
8559,0
7411,1
24481,0
31972,0
18553,0
25553,0
23193,0
25254,0
30413,0
10332,0
13766,0
27839,1
30329,0
17749,1
11913,0
21169,0
18865,0
20084,0
30081,0
21576,0
31630,1
12892,0
4631,0
10496,0
4867,0
11229,0
3913,0
11897,1
14966,0
29881,1
18047,1
28154,1
22136,0
12434,0
15903,0
4933,0
12758,0
22985,0
23583,0
27464,0
7142,1
16494,0
20158,1
19380,0
4486,0
4476,0
20944,1
10674,0
10147,0
32537,0
9613,0
11866,0
4017,0
26741,0
12145,1
17774,0
25731,0
18253,0
28782,0
18123,0
13115,0
20021,0
28802,0
15745,1
5744,0
3081,0
9686,0
19828,0
26609,0
3620,0
23820,0
15801,0
31152,0
14962,0
19733,0
9581,0
806,0
23188,0
21503,0
15775,0
1902,1
20261,0
29877,0
14657,0
8693,1
9169,0
1437,0
15949,0
26867,0
10746,1
12789,0
10953,0
9021,0
9623,1
24327,0
21413,0
9092,0
11989,0
18098,0
2506,1
1492,0
26529,1
18610,0
12147,0
28557,1
15761,0
28260,0
12388,0
11271,1
81,1
5904,0
7754,0
17135,0
1997,1
7398,0
23214,0
30799,0
22941,0
31419,0
11513,0
20874,0
4875,0
19948,0
25771,0
13609,0
5900,0
2344,0
1925,0
20894,0
18165,0
16192,0
19556,0
32009,0
5466,0
13317,0
19739,0
2594,1
28483,1
29730,1
5491,0
2359,0
6715,0
20123,1
248,0
13242,0
697,0
6927,0
18528,0
10021,0
21915,0
30908,0
31692,0
352,0
25760,0
9412,0
15755,0
15910,0
5513,0
7522,1
24650,0
15876,0
30897,0
10463,0
15447,0
6977,0
16510,0
6459,0
23145,0
10799,1
21337,0
6152,0
399,1
11491,0
18699,0
4399,1
32077,0
9009,0
26552,0
16047,0
29997,0
10117,0
20700,0
1190,1
2407,1
6599,0
31280,0
5687,1
25130,0
403,1
4842,0
13846,0
9987,0
29022,0
17763,0
14775,1
21133,0
29765,0
22508,1
7784,1
6050,0
2200,0
8975,0
31756,0
12095,0
6405,0
9137,0
3088,1
29113,0
1509,0
23038,0
19176,1
10509,0
32026,0
18264,0
31439,1
13789,0
28582,0
8032,1
29310,0
129,0
14552,0
19641,0
14142,1
32336,0
23206,0
11019,0
24156,0
11386,1
9311,0
14477,1
28618,0
11311,0
26684,0
23071,0
11686,1
21953,0
1656,1
21716,0
9795,0
27818,1
8538,1
19150,0
31186,0
32517,0
6734,0
7086,0
101,1
18634,1
31283,0
28905,0
15898,0
18211,1
29514,0
3247,0
26948,0
26261,0
21841,0
17654,0
23058,0
9851,0
25359,1
26345,0
26718,1
28040,0
31361,0
824,1
31304,0
20493,1
10994,1
989,0
26422,0
17532,0
29944,0
27918,0
29250,1
20726,0
4701,0
21895,0
652,1
36,0
22008,0
27632,0
5406,0
3232,0
29713,0
20335,0
2310,1
20949,0
13726,0
3158,0
2346,0
585,1
18010,1
12299,0
19520,0
996,0
32535,1
26514,1
11433,0
13123,0
14161,0
18093,0
32348,0
3555,0
27361,0
1793,1
27947,0
1659,1
24748,1
26139,0
6295,0
24906,0
11437,0
21165,1
2858,1
4484,0
19788,0
8716,0
28214,0
6067,0
15329,0
22325,0
12123,0
30153,0
24335,0
18187,0
3959,0
16005,0
10089,0
1833,1
7894,0
19748,0
9879,0
25665,0
26480,0
19978,0
3293,0
11232,1
27308,0
1594,0
9068,0
11874,0
27345,1
9251,0
30935,0
7230,1
14556,1
12973,0
1593,0
15422,1
23095,0
22184,0
16210,0
24624,0
10101,0
3488,0
16111,1
19608,0
25113,0
28760,1
23144,0
31473,0
24740,0
13686,0
602,1
5730,0
16076,0
29066,0
16099,1
5670,0
22944,0
1991,1
20842,1
19091,0
19832,0
8981,0
27860,1
26238,0
29375,1
17182,0
6595,0
19890,0
19019,0
18041,0
24255,0
13063,0
22442,0
21331,0
379,1
1801,1
1444,0
22230,0
9971,0
10853,0
837,1
732,0
24864,0
11017,0
12843,0
3735,0
16291,0
28866,0
6101,0
17593,1
15663,0
20912,0
20791,0
14524,1
20769,0
17344,0
13503,0
27081,0
2928,0
18562,0
2149,0
15621,0
1628,1
31676,0
32205,0
14838,1
2863,0
5557,0
25450,0
29286,0
13554,0
15808,0
18944,0
7410,0
31734,1
4088,0
9893,0
30797,0
21923,0
32463,1
14530,0
13434,0
7595,1
6344,0
24651,1
30509,0
26606,0
4729,0
11924,0
22720,0
27200,0
32472,1
16945,0
6645,0
18203,0
22802,1
10927,0
24472,0
5954,0
4474,0
23376,0
27060,0
8572,0
26052,1
3966,0
28486,0
14792,0
10380,0
21396,0
15570,0
24895,0
26984,0
18580,0
15060,0
7675,0
7054,1
6644,0
12250,0
28794,0
18960,1
2870,0
27147,0
28602,0
2843,0
1483,0
30644,0
2365,0
2689,0
12499,0
3534,0
11090,0
11087,0
592,1
12769,1
19710,0
30453,0
21069,0
6077,0
9826,1
956,1
4152,0
19553,1
16350,0
32315,1
3833,0
19244,0
32139,0
30693,0
22183,0
12806,0
25879,0
9621,0
9016,0
27456,0
2887,1
16753,0
19624,1
1711,0
23394,1
4881,0
29327,0
27934,0
27979,1
2562,1
30843,0
23796,0
18931,0
3462,0
6473,0
17036,1
2576,0
26225,0
29692,0
15658,0
24176,0
30919,0
27015,0
28577,0
16122,0
31861,1
7724,0
7299,0
14876,0
27261,0
12798,0
20309,0
13094,0
14880,0
24424,0
3043,1
15911,0
30216,1
14673,1
19288,0
3510,0
20562,0
647,1
19119,0
9890,0
13777,0
20433,0
23954,0
13701,0
26881,0
904,0
2048,0
15179,0
21389,0
29184,0
30178,0
21602,0
7329,0
11092,0
7869,0
29301,0
18015,0
22968,0
53,0
2979,0
28175,0
23965,0
19840,1
31104,0
17082,0
389,1
17155,0
23094,0
20058,0
18172,0
16626,0
14492,0
18259,0
625,1
5333,0
18576,0
6924,0
28821,0
32458,0
14806,0
14354,0
10319,0
222,0
22633,0
4880,0
13444,0
19368,0
24684,0
2175,0
6768,0
27809,0
25968,0
24426,1
14482,0
7909,0
5164,1
31127,0
3740,0
19147,0
21496,0
2406,0
1309,0
32164,1
21296,1
26875,0
26185,1
27521,0
4185,0
2691,0
6001,0
20171,0
25572,0
10625,0
17164,1
28320,0
29132,0
7036,0
10791,0
29618,0
5977,1
28572,0
26613,0
4505,0
12429,0
4346,0
27207,0
23379,0
17268,0
23162,0
1122,1
22955,0
3024,0
30035,1
22084,0
406,1
25838,0
25503,0
17456,0
29671,0
881,0
19379,0
22750,1
25680,0
5413,0
15842,0
29272,1
14636,0
27530,1
20929,0
28108,0
22533,0
3250,0
6747,1
2682,1
25264,0
5307,0
29828,1
19400,0
7210,1
22157,0
7631,0
15005,0
5358,0
8971,0
15356,1
5055,0
23400,0
12512,0
30314,0
20805,0
80,1
19179,0
1853,1
28994,0
25436,0
28814,0
17522,0
11885,0
8528,0
28822,0
28033,0
253,0
31476,0
10059,1
16199,0
17770,0
1981,1
16837,0
24413,0
3633,1
27693,0
5561,0
17298,0
1928,1
9913,0
413,1
23057,0
775,1
343,0
16228,0
9535,1
11105,0
2994,0
20376,0
23845,1
6087,0
5640,0
7548,0
3235,0
18516,0
11839,0
7227,0
15328,1
20903,1
4317,1
14070,0
10135,0
31621,1
4262,0
29663,0
26454,0
22485,0
22676,1
28783,0
18107,0
3068,0
12267,0
25057,0
28898,0
771,0
4941,0
5798,0
32308,0
7453,0
17787,0
27138,0
21499,0
8081,0
4757,0
11776,0
19715,0
9205,0
6252,0
13397,0
8114,1
661,0
24211,1
15492,1
27444,1
18145,0
26909,0
20906,0
19146,0
6479,0
5809,1
6988,0
22897,0
2100,0
26997,0
25476,0
28112,0
11159,0
13735,0
16939,0
9389,0
31157,0
22970,1
30634,0
10107,0
20014,1
21504,1
18839,0
17594,0
30623,0
2982,0
24575,0
23185,0
2944,0
14469,0
8026,0
23814,0
5925,0
2666,0
27376,0
21508,0
26335,0
31483,1
8076,0
15639,1
7988,1
22620,0
24510,0
12556,0
63,1
19565,0
14538,0
16546,1
3668,0
7220,0
25353,0
10533,0
3015,1
5880,1
12140,0
17193,0
23575,0
18807,0
18606,0
4305,0
22727,0
30344,0
22370,0
5434,0
26670,0
3029,1
26530,1
29155,0
947,0
9580,0
28494,0
1836,1
25367,0
22541,0
15305,0
10609,0
32374,0
16638,0
3964,0
8665,0
19732,0
19135,0
30239,0
14730,0
15158,1
26829,0
29457,0
9187,0
28051,0
13166,0
962,1
28999,0
24929,0
29958,1
13722,0
15861,1
14466,0
30428,0
15900,1
12916,0
8613,0
27304,0
11838,0
1535,1
14655,0
26148,0
5324,0
27000,1
17228,1
17876,0
28987,0
28875,0
7371,0
28586,0
29955,0
22583,0
7445,0
2221,0
29679,0
7895,0
6765,0
27227,0
17487,0
30424,1
12488,0
17520,0
2387,0
18664,0
4200,0
1214,0
15394,0
16343,1
1141,0
3711,1
21518,0
19508,0
26075,0
23667,0
12969,0
20963,0
16751,0
22495,1
4800,0
14743,0
28314,0
29668,0
23427,0
5441,0
4061,0
8788,0
11993,0
25712,0
4596,0
23176,0
1998,1
14850,0
21977,0
8881,1
4180,0
3172,0
2867,1
12834,0
24675,0
11419,1
29674,0
29238,0
5320,0
30774,0
10732,0
6759,0
4863,0
23051,1
29160,0
13331,0
11675,0
19850,1
3495,0
20665,0
31948,0
21416,0
25591,0
4240,0
24656,0
12875,1
19853,0
1411,1
15164,0
7127,1
9337,0
22799,0
1399,0
1889,1
26859,0
10317,0
19535,1
28787,0
5905,0
14047,0
17383,1
12554,0
4120,0
31843,1
5889,0
13531,0
2124,1
8680,0
31873,0
16160,0
341,0
19792,0
67,1
1741,1
19674,0
29140,0
21401,0
30760,0
1635,1
29579,1
5811,0
13276,0
18337,0
17323,0
20860,1
24734,0
27388,0
1358,0
17319,0
31570,0
29892,0
21727,1
24885,0
5535,0
23623,0
9416,0
23130,0
25543,1
9204,0
7421,0
6370,0
4822,0
12953,0
4577,0
932,0
15651,0
16455,0
7840,0
10896,0
14474,0
580,0
30766,0
4723,0
28280,0
30101,0
4513,0
1979,1
5175,0
1350,0
22737,0
15829,0
19552,0
3006,0
782,1
11586,1
31766,0
14870,0
24241,0
16831,1
1621,1
11487,1
12650,0
13282,1
20575,0
13674,0
23331,1
20279,0
14622,0
14750,0
5371,0
30763,0
17873,0
2804,1
17288,1
12636,0
6127,1
24553,0
3436,1
26415,0
2896,1
23436,0
4691,0
23872,0
24661,1
12575,0
31793,1
28940,0
19426,0
1260,0
19385,0
357,1
14002,0
9012,0
2740,0
23143,1
2151,0
8301,0
21690,0
30233,1
30132,0
25642,0
26636,0
874,0
5188,0
4189,0
14821,0
13495,1
4337,0
10567,1
386,0
15031,0
23894,0
26340,0
24775,0
24262,0
31514,0
21258,0
13981,0
32454,0
18325,0
23138,0
2409,1
13173,0
2245,0
21729,0
4122,0
2502,0
26913,1
1859,0
25778,0
22254,0
23949,0
6504,0
7160,0
7502,1
29953,1
31881,0
1445,0
24070,0
27086,0
5328,0
2394,1
17384,0
31806,0
2953,1
4218,0
24610,0
2211,0
9632,0
32039,0
21973,0
27378,1
25657,0
28522,0
31333,1
18633,0
29258,1
24848,0
20730,0
11067,0
8602,0
21777,0
8314,0
23688,0
26924,0
21468,0
21482,0
24377,0
22903,0
2864,0
11211,0
19382,0
3637,0
8748,0
16547,0
13002,0
6794,1
244,1
30452,0
11845,0
28910,0
18191,0
439,1
2814,0
20815,0
16588,0
11059,0
30253,0
12017,0
16322,1
9852,0
13251,1
13021,0
22786,1
12222,1
29,0
28541,0
16397,0
5550,0
29596,1
7592,1
23899,0
16624,0
6471,0
23101,1
31859,1
28420,0
15963,0
16491,0
22162,0
11599,1
4376,0
25276,1
23749,0
7690,1
31037,0
13026,0
13514,0
23597,1
19074,0
10287,0
1354,0
22646,1
12929,0
15213,0
12673,0
14232,1
2735,0
29854,0
5378,0
22728,0
10879,0
13621,0
10141,0
7269,0
8862,0
28415,1
21179,1
18519,0
17439,0
32076,0
26482,0
23607,0
32363,0
5949,0
4028,0
116,1
7770,1
2477,1
1339,0
10653,1
9540,0
17270,0
32558,0
13851,0
13172,0
13457,0
710,1
29028,0
22057,0
14844,0
18904,0
30785,0
8170,0
16789,0
10592,0
31836,0
860,1
8269,0
21378,0
8037,0
24878,0
26099,0
14728,0
31187,1
16862,0
2228,1
28720,0
25244,1
3395,1
30307,0
16214,1
29974,0
30711,0
16362,1
9573,0
1324,0
25603,1
29819,0
11074,0
19793,0
3591,0
25773,1
4343,0
6047,0
9733,0
9173,0
18754,0
26283,0
22304,0
3573,0
21869,0
491,0
9193,0
5573,0
18221,0
19442,0
3739,0
12532,0
31543,0
25827,0
27656,0
17468,0
2479,1
1489,0
17608,0
19059,0
15599,0
13808,0
15415,0
31297,0
26143,0
8555,0
14212,0
3182,0
10883,1
22000,0
26260,1
24294,1
12068,0
19871,0
15641,0
7055,0
26140,0
25139,0
8683,0
1065,0
12134,0
29400,0
19854,0
22922,0
17188,0
25034,0
10417,1
11854,0
17491,0
10911,1
20191,0
21952,1
3836,0
21481,1
12498,1
19233,0
23735,0
14052,0
22294,0
6185,0
31184,0
7980,1
7666,0
2757,1
11146,0
31780,1
21347,0
20676,0
20706,0
12967,0
25026,1
13225,0
9531,0
27299,0
16865,1
8266,1
15969,0
7065,0
2067,0
3063,0
265,0
2125,1
21134,0
25237,0
27544,0
10325,0
21342,0
10312,0
20861,0
16745,0
447,1
7082,0
693,0
18296,0
13977,1
17655,0
9424,1
32184,1
8282,0
27422,1
6704,0
21360,0
23866,1
26114,0
22087,0
16082,0
9982,0
21628,0
747,1
28086,1
28763,0
24724,0
18587,0
27762,1
17211,0
27819,0
8569,0
29374,0
14146,1
15310,0
13217,0
28018,0
8637,0
17222,0
26977,1
8653,0
22605,0
32443,0
22409,0
29593,0
32028,1
15282,1
24948,0
22556,0
14638,0
283,0
17595,1
28876,1
19932,0
7699,0
19894,1
365,0
30913,0
24531,0
2520,1
11191,0
21959,1
21010,0
30530,0
8663,0
26120,0
13720,0
26735,0
7114,0
12900,0
31421,0
18119,0
13333,0
4535,1
4167,0
29339,0
23503,0
3926,0
18903,0
1301,0
27739,1
15150,0
24004,0
679,1
8987,0
5033,0
17019,1
19844,0
14366,0
20152,0
8354,0
7892,0
2846,0
32542,0
18070,0
17896,0
8307,0
5499,0
20854,0
12772,1
17957,0
5160,0
20666,0
28384,0
4251,0
8034,0
4555,1
23397,0
11934,0
3585,0
3442,1
15917,0
26716,0
3852,0
31148,0
24704,0
8914,0
32524,0
2619,0
3728,1
16669,0
10233,1
27353,0
10747,0
9388,0
6598,0
22697,0
30772,0
27955,0
2775,0
10386,0
3477,0
2797,1
30647,0
19399,0
2468,0
12762,0
5021,0
7193,1
21021,0
19153,1
28657,0
26610,1
14931,0
16194,0
2010,1
22898,0
23815,0
22329,1
24447,0
3626,0
19506,0
28186,0
32546,0
3049,0
24402,0
20801,0
24333,1
19278,0
32356,1
19789,0
6240,1
8826,0
14540,0
11716,0
8018,0
3465,0
21243,0
16607,0
24551,0
25435,1
16281,0
5812,0
30848,0
26683,0
29305,1
30161,0
17382,0
16321,0
657,0
8415,0
13700,0
27634,1
23363,0
11012,0
4816,1
27255,0
1529,1
28701,0
14666,1
12347,0
18801,0
26849,0
1308,0
569,1
26707,0
20394,0
14251,0
32367,0
3390,0
6277,0
24560,0
21529,0
27549,0
3558,0
16968,0
3032,0
10180,0
16427,0
28954,0
12907,0
6226,0
10784,0
16213,0
30504,0
21810,0
5901,0
13508,0
7446,1
29967,0
22342,0
195,0
8008,0
21986,0
20898,0
30309,0
20597,0
3104,1
18544,0
15973,0
791,0
27034,1
8952,0
25519,1
20067,0
6903,1
8320,0
17630,0
10479,0
18523,0
19280,0
18426,0
3872,0
2674,0
3329,1
11176,0
14660,0
15881,0
7157,0
23982,0
32422,0
9372,0
8339,1
24365,0
7650,0
10387,1
13698,0
15536,0
9171,0
1677,0
7343,0
1436,0
18437,0
9071,0
8186,0
23533,0
13646,0
5435,0
6589,0
3408,1
17836,1
292,0
16910,0
22901,0
21294,0
23728,1
8815,0
7486,0
6493,0
16993,1
16167,0
22464,0
14413,1
21961,0
27758,0
5909,1
8700,0
29088,1
24812,0
10163,0
27493,0
23458,0
18651,1
14912,0
25375,0
2257,0
16001,0
22273,0
96,1
23590,0
22747,0
8180,0
19634,0
30308,0
10822,0
7468,1
12310,0
18491,0
3432,0
12296,1
5310,0
17673,0
7544,1
32506,0
24085,0
14380,0
949,1
19317,0
25592,0
5742,0
20223,0
16156,1
27577,1
1946,0
20026,0
9527,0
21883,1
14191,0
8674,0
16957,0
3194,0
22960,0
6834,1
27776,0
1310,0
27054,1
25308,1
7292,1
15484,1
8349,0
12828,1
10396,0
9919,1
12409,0
455,1
20192,0
24044,1
31259,0
9206,0
20527,1
16165,0
29721,0
857,0
30082,0
9584,0
9131,0
15600,0
22275,0
17727,0
22320,0
3542,0
26309,1
12306,0
26932,1
19489,0
3306,1
15852,0
19855,0
9284,0
21740,0
30542,0
15901,0
8113,0
6488,0
3098,0
14489,0
760,1
8586,1
3404,0
11790,0
6510,0
28278,0
2704,0
23372,1
20291,1
2051,1
12070,0
17786,1
17771,0
8962,0
11116,0
17187,0
31478,0
29652,0
3802,0
8906,0
15624,1
29459,0
2767,1
28761,0
21462,0
25898,0
27592,0
8409,0
9049,0
3309,1
31839,0
13303,0
26579,0
4885,1
8963,0
10318,0
20711,0
7105,0
1963,1
28376,0
13310,0
2325,0
30109,0
19668,0
13151,0
30746,1
2943,0
23498,1
8323,0
26792,0
30257,0
13374,0
29500,0
24459,0
6018,0
31529,0
19783,0
21005,0
30619,0
21115,0
22112,1
18457,1
21383,0
9779,0
19309,0
7825,1
30317,0
28389,0
6363,0
1949,1
23604,0
5215,1
1565,0
3419,0
7203,0
3768,0
21277,0
1242,0
29344,0
24585,0
18965,1
32400,0
23332,0
22807,1
19286,0
18775,0
6243,0
8792,0
9371,0
26320,0
1532,1
1282,0
23662,0
15751,0
29193,0
13714,0
290,0
4467,0
22351,0
22762,0
28558,0
22675,0
21925,0
15660,1
17229,0
10067,0
15169,0
27987,0
13113,0
442,1
21300,0
5456,1
26593,0
3257,0
15872,0
30358,0
13338,0
3478,1
8719,0
20724,0
13923,0
15103,0
9470,1
2299,0
26131,1
14794,0
1689,0
7599,0
28569,0
21873,1
3320,0
25036,1
31810,0
15926,0
14151,0
12461,0
27143,0
27067,0
17114,0
1366,0
18937,0
28104,0
27722,0
22253,0
27381,0
7106,0
7873,0
18589,0
17224,1
29432,1
18643,0
28667,0
2379,0
9691,0
17697,0
8002,1
8764,0
26438,0
29975,0
27573,0
11299,0
10718,0
10795,0
20478,0
19656,0
18540,0
21319,0
20596,0
16683,0
26398,0
31716,0
10240,1
29024,0
17402,0
12269,0
17157,1
13074,1
12764,1
5484,0
23713,0
31448,0
15955,0
26538,0
23646,0
13947,0
31254,0
2354,0
32099,0
15429,0
24278,0
8659,0
15725,0
15085,0
1818,1
13697,1
30396,0
8388,0
23868,0
27013,0
14848,0
24692,0
3641,0
7814,0
20023,0
21222,0
1352,0
11450,0
27443,0
24213,0
21066,0
6676,0
29103,1
25189,0
7626,0
27866,0
30375,0
2416,0
6481,0
3920,0
20895,0
1412,1
29898,0
15482,0
22905,1
15270,1
1673,1
31079,0
3347,0
30444,1
9086,1
20506,0
2199,0
7597,0
24609,1
17199,0
14271,0
27211,0
9341,0
11408,1
15580,0
28333,0
22742,1
2339,0
21013,0
24064,0
8932,0
26996,0
4985,1
6776,0
740,0
24953,0
28970,0
520,0
29837,0
3960,0
26815,0
31706,0
32323,0
28979,0
10724,0
30438,0
2602,1
7316,0
1602,0
21637,0
30533,1
28120,0
5173,0
13824,1
21622,0
31398,0
20395,0
4408,0
15887,0
2449,1
18993,0
813,1
851,1
12686,0
7791,0
19048,0
29764,0
19036,1
12351,1
21274,0
25556,0
23576,0
31775,0
16878,0
3908,0
1118,0
10279,0
50,0
24847,0
29297,0
10026,0
13184,0
30474,0
3397,1
30751,0
7101,1
29154,1
8893,0
13841,0
18432,0
3097,0
15156,0
12956,0
7880,0
28311,0
2177,0
5288,1
23313,0
22693,0
18146,0
2700,0
11293,1
21978,0
115,1
18393,1
21621,0
6867,0
15598,0
9529,0
24753,1
2993,0
25387,1
8302,0
18764,0
2066,1
30055,0
6394,0
18388,1
19924,1
10529,0
31704,0
13499,0
23985,0
12331,0
12005,0
12771,0
11253,0
15594,0
6544,0
7488,0
20772,0
2599,1
29208,0
31680,0
4725,0
2893,1
12855,0
17875,0
24730,0
26833,0
22014,0
8648,1
3725,0
877,1
8438,0
19676,0
30146,1
4978,1
206,0
29116,0
4801,0
9488,0
13263,1
27478,0
14978,0
29816,0
6767,0
19993,0
21830,0
4891,0
32188,0
18288,0
9346,0
11555,1
28312,0
15718,0
15543,0
24981,0
21779,0
26161,0
32329,0
18028,0
31506,0
6186,0
23520,1
9132,1
465,1
21367,0
383,1
9041,0
644,0
23758,0
19524,0
31605,0
23232,0
4565,0
5306,0
17999,0
3784,0
9135,0
29131,1
15380,0
25861,0
25510,0
8146,0
20880,0
30993,0
1093,0
15904,0
10231,1
19700,0
31164,0
15336,0
5715,0
21683,1
14608,0
4223,0
27900,0
9168,0
20013,1
578,1
12615,1
1863,1
13246,0
21680,0
31554,0
7175,0
29450,0
24605,0
24851,0
6358,0
10291,1
21877,0
29148,0
14842,0
15886,0
26880,0
27702,1
25609,1
26844,0
5301,0
18198,0
30427,0
25269,0
9716,1
9345,0
30181,0
24499,0
12157,0
4304,0
19794,0
22957,0
13786,0
18755,0
26864,1
16459,0
21723,0
16155,0
14407,0
140,0
1495,0
28566,1
21097,0
31404,1
24205,0
11039,0
20900,0
13604,0
1882,0
10890,0
2467,1
16130,0
14440,0
26051,0
28408,0
15958,0
2397,1
2973,0
2840,0
7512,0
14737,0
23902,0
4226,0
3509,1
23368,0
16144,0
9697,0
26399,0
26025,0
32216,1
14697,0
7212,0
29822,0
23402,0
6535,0
19618,0
15743,1
8590,0
19401,1
6520,1
15781,0
23724,0
20296,0
25670,0
3423,0
12819,0
30603,0
17284,0
10038,0
23768,0
28358,0
16070,0
23880,0
14229,0
11199,0
30431,1
14307,0
7159,0
12695,0
1134,0
30076,0
18094,0
6289,0
6519,0
16316,0
27480,0
20522,0
2280,0
15662,0
3695,1
32245,0
6320,0
17496,0
28242,1
22833,1
2527,0
13793,0
15112,1
11376,0
10813,0
18825,0
20872,1
30031,0
7516,0
8193,0
19247,0
8712,1
27350,1
20846,0
7099,1
20167,0
3947,0
27488,0
25060,0
32442,1
12946,0
12962,0
28152,0
8465,1
1454,0
20019,0
28161,0
615,1
3387,0
4751,0
16357,0
28329,0
9809,1
2190,0
20228,0
15726,0
5425,0
1976,1
545,1
27372,0
19971,0
1587,1
8250,0
10329,0
26573,1
2981,0
23765,0
22976,0
12325,0
14551,1
2857,0
24289,0
25241,0
26473,0
25489,0
7132,0
7623,0
21049,0
8330,0
29769,0
27589,0
29676,0
10032,0
11264,1
6138,0
951,0
6996,0
8850,0
15202,0
549,1
7939,0
9572,0
25485,0
3707,1
6066,1
9124,0
30998,0
3087,0
14236,0
12265,0
14531,1
23572,0
6321,0
1708,0
17058,0
2483,0
3339,0
20041,0
23518,0
32343,0
23218,0
30477,0
29612,0
13934,0
25684,0
29252,0
1154,0
26986,0
27062,0
14767,0
25899,0
22947,0
14568,0
8338,1
30899,0
11173,1
19188,0
29588,1
4056,0
20508,1
14594,1
7639,1
17293,0
10321,0
14273,0
28286,1
30909,0
3187,0
16528,0
4602,0
27163,0
11638,0
16947,0
22518,1
30963,0
25388,0
9935,0
16645,0
24274,0
12839,0
20565,1
26904,0
22999,0
23096,0
16768,0
858,0
18501,0
20232,0
3935,0
23132,1
28973,0
250,0
4085,0
15176,0
22589,0
31726,0
18272,0
3193,0
29094,0
27856,0
3449,0
20404,0
17942,1
21903,1
18184,0
25345,0
4440,0
22523,0
17474,0
19096,0
32161,0
14713,0
15072,0
25259,1
8195,0
22047,1
14642,0
11334,0
3717,0
8449,0
20387,1
25647,0
7110,0
9829,0
17094,0
31372,0
12570,0
1636,1
3048,0
5509,0
6784,0
3871,0
19204,0
6818,1
30383,0
11394,0
27387,0
20016,0
26496,1
22276,1
23714,0
11005,0
6133,1
20850,0
25979,0
29915,0
29166,1
7340,0
13633,0
29894,1
23550,0
9505,0
16183,0
18424,0
15472,1
29379,1
26242,1
21902,0
28836,0
271,0
5878,0
5708,1
13502,0
18752,0
12343,0
12293,0
338,0
29380,0
22710,0
32477,0
12336,0
17844,0
9816,0
8820,0
29227,0
7766,0
20650,0
15717,0
28370,1
69,1
10455,0
7831,0
24932,0
30978,0
22381,0
21371,0
1451,0
31783,0
15695,0
363,1
25326,0
17711,1
26067,0
16619,0
19886,0
1988,1
19716,0
25630,0
1233,0
7037,0
14874,0
12894,1
23506,1
27764,0
1511,0
31818,0
13008,0
12200,0
20183,0
16143,0
23113,1
25011,0
2343,0
10738,1
6372,0
10214,0
28704,0
9653,0
11682,0
6908,0
11679,0
11792,1
14192,0
28188,0
7170,0
1281,0
7188,0
11398,0
28556,0
23919,0
31165,0
12395,1
16689,0
17498,0
4581,0
23663,0
6661,1
3101,0
15450,0
7367,0
13814,0
4910,0
13645,0
6032,0
9231,0
626,1
10364,1
11292,0
25140,0
3219,0
12795,0
9986,0
23290,0
10561,0
24007,1
19041,0
12518,0
12399,0
17978,0
16182,0
18027,0
16024,0
21406,0
14626,0
23086,0
1259,0
21146,0
11757,0
21234,0
31459,0
16554,0
14839,0
15244,0
25285,1
22092,1
32513,0
28877,0
11800,0
22063,0
16286,1
14408,0
22279,0
21843,0
3939,0
10548,1
1205,0
12976,0
4955,0
15951,0
1220,0
23061,0
9811,0
32333,0
22563,0
32126,0
24440,0
8360,0
4125,0
29235,0
14256,0
26000,0
24264,0
4115,0
30285,0
5146,1
27190,0
16049,1
3120,1
27391,0
8208,0
17029,0
22530,0
18301,0
17626,0
18980,0
5701,0
12713,0
14434,0
27966,0
11037,0
11849,0
4490,0
9792,1
20788,1
17518,0
5391,0
17014,1
12308,0
9089,0
26512,0
28066,0
9998,0
3952,0
3140,0
31221,0
19968,0
10701,0
16575,0
18188,0
21517,0
27449,0
14043,0
25655,1
21166,0
25166,0
11553,0
11289,0
9901,0
18585,1
20985,0
11342,0
16110,0
4203,0
17365,0
108,1
6751,0
13782,0
30871,0
27033,0
29810,0
16464,0
23973,1
16540,1
1013,0
11414,0
14371,1
29366,1
23013,0
26022,0
12110,0
7334,0
19644,1
24815,1
30459,0
24258,0
22790,0
13974,0
31313,1
10299,1
2494,1
25153,0
10278,0
14635,0
9536,0
9518,0
2780,1
31899,0
10450,0
27447,0
19935,0
17721,0
12224,0
3796,0
25127,0
17176,0
3487,0
23937,0
4705,0
14099,0
2553,1
10326,0
18929,0
9794,0
12925,0
18209,0
14867,0
10449,0
2239,1
24010,0
9793,0
15022,0
11841,0
11688,0
441,1
7053,0
16247,0
23305,0
2326,0
22271,1
27824,0
2983,0
30676,0
32327,1
11174,0
11076,0
18270,0
17227,0
24455,0
17960,0
4902,0
10315,0
28147,0
25829,0
23636,0
26698,0
12389,0
4722,1
16613,0
9680,0
22517,0
14138,0
22741,0
4314,0
17967,0
1767,1
31273,0
19433,0
15049,1
18356,0
23328,0
17398,0
16592,0
27607,0
3239,0
9931,0
24939,0
16015,1
28683,0
17150,0
10978,0
10932,0
12058,0
2389,0
6837,1
1194,0
29641,0
28803,0
21178,1
6985,1
5045,0
20421,0
22721,1
30564,0
32060,0
7543,0
20806,0
28847,0
24826,0
13010,0
15485,0
8077,1
24608,0
32510,0
19957,0
24143,0
8918,0
6783,0
27618,0
13371,0
14343,1
10181,1
18496,1
2610,0
23244,0
10656,0
23100,0
29805,1
21154,0
5591,0
30026,0
31317,0
22110,1
10954,0
18624,0
28849,0
13969,0
10365,0
21298,0
21328,0
3677,0
5008,0
10073,0
22437,0
9765,0
29699,0
2276,0
31438,0
30777,0
13966,0
18915,0
12754,0
30166,1
651,1
8584,0
15517,0
7015,0
27766,1
5736,0
684,1
1557,1
14130,0
24051,0
17894,0
30134,0
30790,1
8490,0
13335,0
5717,0
13830,1
15284,0
16312,0
17919,1
24046,0
7048,1
15008,0
22874,0
17002,0
26413,0
21410,0
6742,0
29005,0
16175,0
26970,1
28087,0
23396,1
22629,0
32466,0
28496,0
26782,0
25422,0
390,0
22841,0
14864,0
3082,0
25282,0
2336,0
29306,0
7402,1
6890,1
29263,0
18263,0
27753,0
4418,1
8582,0
24702,0
18091,0
30312,0
16388,0
12191,0
21685,1
17205,0
7276,0
1622,1
22805,1
22089,0
23717,0
2318,0
3702,0
22016,1
26426,1
20141,0
30953,0
18449,0
24105,0
3579,0
20216,0
20629,0
14265,0
9550,0
15644,0
31701,0
17006,0
23438,0
22482,0
19646,0
27795,1
14999,0
29032,0
19070,0
11343,0
32516,0
20135,1
13149,0
32044,0
1874,1
14755,0
31606,0
19087,0
14766,0
23924,0
21536,0
25080,0
11604,0
31558,0
20326,1
24091,1
9608,0
22848,0
8707,0
12196,0
17017,0
4311,0
5204,0
29185,0
17690,0
14427,1
27003,0
4817,0
13049,0
24541,0
24008,0
16226,0
5868,0
15859,0
2964,0
2375,1
6135,0
27545,0
3350,1
8968,0
26233,1
31745,0
25745,0
20966,0
15967,0
22384,0
9778,0
21469,0
15201,0
24185,0
9184,0
13493,0
22746,0
27538,0
6107,0
18975,0
7231,1
11928,0
18430,0
4296,0
12136,0
18747,1
22129,0
11194,0
17421,0
17462,0
1862,1
10378,1
23500,0
11073,0
7196,0
14537,0
624,1
14147,1
6695,1
24586,1
5368,1
16278,0
29577,1
2460,1
10394,1
6635,0
8510,0
15089,0
14349,1
18130,0
4283,0
21188,0
9597,0
18886,0
6957,0
7646,1
1073,1
15879,0
1634,1
519,0
15288,0
753,1
2872,1
4633,0
11870,1
13592,0
24428,0
11826,1
25915,0
29791,0
21603,0
18881,0
617,1
17393,0
23907,0
7178,0
5263,0
12630,0
4210,0
20672,1
10763,0
4559,0
28878,0
23525,0
15399,0
8274,1
1733,0
16036,0
10801,0
21301,0
3748,1
25071,0
31653,1
1679,0
22120,0
16648,0
22844,1
24694,1
14032,0
6702,0
19815,0
29918,0
31470,0
10957,0
29926,0
2242,0
7936,0
23249,0
26662,0
27555,0
24078,0
3685,1
25645,0
8049,0
11127,0
3831,0
2126,1
16642,0
11216,0
27135,0
28723,0
21111,0
16374,0
12861,0
18159,0
19661,0
10711,0
23007,1
5962,0
5217,0
19476,0
37,0
743,0
6499,0
672,1
17231,0
8957,1
21491,0
5101,1
16395,0
21826,0
12479,0
11028,0
1046,0
13352,0
4921,0
23359,0
4051,0
23857,1
19114,0
11166,0
20728,0
8271,0
25064,0
8658,1
7863,0
29993,0
1435,0
3452,0
13491,0
22769,0
6626,0
32449,1
3592,0
3504,0
29201,1
24309,0
12053,0
18883,0
25888,0
7414,0
27048,0
18687,1
19615,0
6128,0
26958,0
11965,0
17196,0
24421,0
18363,1
29969,0
13866,0
24124,0
2652,0
32040,0
15606,0
5899,1
32224,1
6439,0
6698,1
11564,0
23417,0
23123,0
1273,0
29779,0
16134,0
1806,1
22407,0
1823,1
13906,0
11648,0
32041,0
4453,0
25939,0
27785,0
24667,0
30628,1
25868,0
20078,0
7129,0
17207,0
1715,1
20662,1
30972,0
28939,0
12028,0
3190,0
23556,0
3162,0
24808,0
4909,0
27119,0
31414,0
22107,0
128,0
15980,1
15959,0
10281,0
2634,1
18051,0
29127,0
31519,0
30850,0
27209,0
730,1
3171,0
18433,0
14853,0
10566,1
9927,0
10099,0
13441,0
10673,0
30611,0
30784,1
17386,1
30016,1
13611,1
13629,0
14899,0
14769,0
20830,0
26607,0
6609,0
886,0
20583,0
7024,0
14796,0
27509,1
446,1
15411,0
7405,0
20254,1
6979,0
27700,0
17717,1
31615,0
13348,0
9111,0
8268,0
20557,0
1524,1
29150,0
11567,0
13403,1
10847,0
26127,0
7007,0
268,0
19846,1
17922,1
4889,0
31937,0
25312,0
4676,1
5840,0
20552,0
7185,0
10835,0
22666,0
21785,1
31299,0
4561,0
6262,0
23626,0
17832,0
21392,0
15633,1
11896,0
20770,0
9404,0
9856,0
19960,0
17831,0
25717,0
18132,0
24949,0
18464,1
8754,0
15982,0
17351,0
27639,0
14662,0
8496,0
17670,0
1258,0
22946,0
23045,0
8291,0
13454,0
20262,0
28410,0
14240,0
29869,0
15378,0
24005,0
19328,0
29896,0
20398,1
13574,1
12402,0
3673,1
23112,0
9592,0
29631,0
22781,0
11720,0
24840,0
25419,0
4075,0
25728,1
20512,0
330,0
5672,0
796,1
10255,0
30892,0
29773,0
31107,0
7303,1
1268,0
19582,0
1826,1
6294,1
26004,0
23957,0
2020,1
16271,0
22458,0
13268,0
3255,0
21738,0
23976,0
3393,0
1330,1
8058,0
15867,0
27645,0
1285,0
10229,0
471,1
29188,1
6565,0
5997,0
7422,0
20140,0
26254,0
79,1
23247,1
30223,1
15721,0
1123,0
24711,1
24282,1
21225,0
23537,0
717,0
4569,0
19273,1
23191,0
15637,1
23014,0
27218,0
15933,0
17944,0
29285,0
17559,0
15174,0
24700,0
20637,0
25617,0
7322,0
16949,0
24382,0
12073,0
1029,0
20858,0
15760,0
12531,0
28926,0
7254,0
5030,0
8801,1
24346,0
17433,0
7541,1
31143,0
25230,0
28251,0
25805,0
21326,0
30001,0
7958,0
8949,0
4035,0
6020,0
29057,0
22601,0
16224,0
29545,1
13059,0
11285,0
889,1
29814,0
30563,1
31341,1
26657,0
15912,0
6910,0
22910,0
26580,0
8147,0
4664,0
12280,0
16743,0
27036,0
3663,0
22812,0
27734,0
20184,0
22091,0
22385,0
2448,0
28225,0
27992,0
13765,0
6330,0
21471,1
19075,1
25322,0
32200,0
26311,0
15271,0
1583,1
11461,0
12169,0
23874,0
22889,0
27675,1
22237,1
8845,0
5113,0
616,1
15036,1
16158,0
13055,0
25605,0
20294,0
15489,0
13948,0
21440,0
18122,0
27970,0
18129,0
26219,0
2313,1
1951,1
27246,0
15920,0
27314,0
8493,0
7098,0
24305,0
15834,0
13377,0
15843,0
12505,1
12863,0
23959,0
14570,0
15574,0
30494,0
6669,1
865,1
24113,1
2836,1
7313,1
7218,0
2541,1
18347,0
4672,0
21121,0
6149,0
8749,0
3789,0
11732,0
18423,0
4829,0
21229,0
2961,0
20776,0
12397,0
83,0
10350,0
19857,0
18396,1
28856,1
15989,0
28143,0
29781,0
1407,0
23418,0
4763,0
27558,0
22153,0
24302,0
13512,1
9036,0
13090,0
20073,0
13975,1
24668,0
25872,0
28057,0
20611,0
11909,1
30098,0
20849,0
22809,0
19548,0
32455,0
26990,0
1937,1
32437,0
14807,0
16084,0
24015,0
